Order Date,PO No.,WMDC,Order type（Promotional Event）,Nestle BU,是否为手工单,是否为稳定库存,Order qty,起送日,MABD,order category,Exception category,Item Type,Customer order Item,原始MABD,新MABD,沃尔玛产品编码,雀巢产品编码,Material Description,原单箱规,原订单数量,修改后订单数量,雀巢数量,雀巢价格,沃尔玛价格,Exception reason
11/16/2021,0022990368,WHDC,SYSOS,Coffee,,稳定,383,10/29/2021,11/01/2021,exception,,Item,5,,11/01/2021,020642785,12476896,雀巢咖啡1+2原味条装双豆拼配即溶咖啡饮品 @8(60x15g) CN,,,,40,651,633,价差订单
11/16/2021,0022990368,WHDC,SYSOS,,,稳定,383,10/29/2021,11/01/2021,exception,跨月订单,Order,5,,11/01/2021,,,,,,,,,,跨月订单
11/16/2021,0022990369,WHDC,SYSOS,Dairy,,稳定,430,10/29/2021,11/01/2021,exception,,Item,6,,11/01/2021,020046735,12413033,雀巢爱思培学生奶盒装400g,,,,120,651,633,价差订单
11/16/2021,0022990369,WHDC,SYSOS,,,稳定,430,10/29/2021,11/01/2021,exception,跨月订单,Order,6,,11/01/2021,,,,,,,,,,跨月订单
11/16/2021,0022990418,WHDC,SYSOS,,,稳定,96,11/04/2021,11/08/2021,clean,,Order,1,,11/08/2021,,,,,,,,,,
11/16/2021,0022990441,WHDC,SYSOS,Coffee,,稳定,470,11/09/2021,11/11/2021,exception,,Item,5,,11/11/2021,020642785,12476896,雀巢咖啡1+2原味条装双豆拼配即溶咖啡饮品 @8(60x15g) CN,,,,40,651,633,价差订单
11/16/2021,0022990441,WHDC,SYSOS,,,稳定,470,11/09/2021,11/11/2021,clean,,Order,5,,11/11/2021,,,,,,,,,,
11/16/2021,0050254779,GZDC,SYSOS,,,稳定,10,10/29/2021,11/04/2021,exception,跨月订单; 重复订单：订单修改MABD,Order,1,11/01/2021,11/04/2021,,,,,,,,,,跨月订单; 重复订单：订单修改MABD
11/16/2021,0050254784,GZDC,SYSOS,,,稳定,130,11/01/2021,11/04/2021,clean,,Order,3,,11/04/2021,,,,,,,,,,
11/16/2021,0050254786,GZDC,REGPRO2124,,,稳定,40,11/03/2021,11/08/2021,exception,重复订单：订单修改MABD,Order,2,11/07/2021,11/08/2021,,,,,,,,,,重复订单：订单修改MABD
11/16/2021,0100283499,TJDC,SYSOS,,,稳定,70,11/04/2021,11/08/2021,clean,,Order,2,,11/08/2021,,,,,,,,,,
11/16/2021,0550499324,SZDC,SYSOS,Dairy,,稳定,305,10/29/2021,11/01/2021,exception,,Item,7,,11/01/2021,020046735,12413033,雀巢爱思培学生奶盒装400g,,,,48,651,633,价差订单
11/16/2021,0550499324,SZDC,SYSOS,,,稳定,305,10/29/2021,11/01/2021,exception,跨月订单,Order,7,,11/01/2021,,,,,,,,,,跨月订单
11/16/2021,0550499480,SZDC,SYSOS,Dairy,,稳定,153,11/04/2021,11/08/2021,exception,,Item,3,,11/08/2021,021118190,12424359,雀巢怡养中老年奶粉袋装 @12(28x25g) CN,,,,35,651,633,价差订单
11/16/2021,0550499480,SZDC,SYSOS,,,稳定,153,11/04/2021,11/08/2021,clean,,Order,3,,11/08/2021,,,,,,,,,,
11/16/2021,0550499514,SZDC,SYSOS,Coffee,,稳定,697,11/09/2021,11/11/2021,exception,,Item,10,,11/11/2021,020627101,12476895,雀巢咖啡1+2奶香双豆拼配条装即溶咖啡 @12(30x15g) CN,,,,48,651,633,价差订单
11/16/2021,0550499514,SZDC,SYSOS,,,稳定,697,11/09/2021,11/11/2021,clean,,Order,10,,11/11/2021,,,,,,,,,,
11/16/2021,1000665953,JXDC,REGPRO2124,,,稳定,5,11/03/2021,11/08/2021,exception,重复订单：订单修改MABD,Order,1,11/07/2021,11/08/2021,,,,,,,,,,重复订单：订单修改MABD
11/16/2021,1001042129,GZDC,POS REPLEN,,,稳定,398,11/07/2021,11/11/2021,exception,问题订单,Order,3,,11/11/2021,,,,,,,,,,问题订单
11/16/2021,1001042209,GZDC,POS REPLEN,,,稳定,198,11/09/2021,11/13/2021,exception,问题订单,Order,3,,11/13/2021,,,,,,,,,,问题订单
11/16/2021,1100425600,TJDC,SYSOS,Dairy,,,266,10/29/2021,11/01/2021,exception,,Item,54,,11/01/2021,020210861,12481866,雀巢怡运脱脂高钙奶粉袋装@12(16x25g) CN,,,,11,811,770,特殊产品需检查订单
11/16/2021,1100425600,TJDC,SYSOS,,,,266,10/29/2021,11/01/2021,exception,跨月订单,Order,54,,11/01/2021,,,,,,,,,,跨月订单
11/16/2021,1100425601,TJDC,SYSOS,,,,66,10/29/2021,11/01/2021,exception,仓租不为1.3%订单; 跨月订单,Order,10,,11/01/2021,,,,,,,,,,仓租不为1.3%订单; 跨月订单
11/16/2021,1100425604,TJDC,SYSOS,Dairy,,,265,10/29/2021,11/01/2021,exception,,Item,45,,11/01/2021,020418793,12482249,雀巢怡运水果加纤营养奶粉甜美草莓味@10x200gCN,,,,1,651,633,特殊产品需检查订单
11/16/2021,1100425604,TJDC,SYSOS,,,,265,10/29/2021,11/01/2021,exception,跨月订单,Order,45,,11/01/2021,,,,,,,,,,跨月订单
11/16/2021,1100425605,TJDC,SYSOS,,,,12,10/29/2021,11/03/2021,exception,跨月订单,Order,2,,11/03/2021,,,,,,,,,,跨月订单
11/16/2021,1100425606,TJDC,SYSOS,,,,120,10/29/2021,11/03/2021,exception,跨月订单,Order,10,,11/03/2021,,,,,,,,,,跨月订单
11/16/2021,1100425613,TJDC,SYSOS,Coffee,,,35,11/01/2021,11/03/2021,exception,,Item,16,,11/03/2021,020232784,12495107,雀巢金牌厚乳风味拿铁条装即溶咖啡饮品 @10(5x19g) CN,,,,3,651,633,价差订单
11/16/2021,1100425613,TJDC,SYSOS,,,,35,11/01/2021,11/03/2021,clean,,Order,16,,11/03/2021,,,,,,,,,,
11/16/2021,1100425614,TJDC,SYSOS,,,,16,11/01/2021,11/03/2021,clean,,Order,6,,11/03/2021,,,,,,,,,,
11/16/2021,1100425626,TJDC,SYSOS,Coffee,,,133,11/04/2021,11/08/2021,exception,,Item,39,,11/08/2021,020098709,12326603,雀巢金牌臻享白咖啡条装 @ 12(12x29g)CN,,,,1,725,680,价差订单
11/16/2021,1100425626,TJDC,SYSOS,,,,133,11/04/2021,11/08/2021,clean,,Order,39,,11/08/2021,,,,,,,,,,
11/16/2021,1100425627,TJDC,SYSOS,,,,17,11/04/2021,11/08/2021,clean,,Order,6,,11/08/2021,,,,,,,,,,
11/16/2021,1100425642,TJDC,SYSOS,Coffee,,,509,11/09/2021,11/12/2021,exception,,Item,58,,11/12/2021,020099119,12413057,雀巢金牌卡布奇诺条装咖啡 @12(12x19g)CN,,,,7,651,633,价差订单
11/16/2021,1100425642,TJDC,SYSOS,,,,509,11/09/2021,11/12/2021,clean,,Order,58,,11/12/2021,,,,,,,,,,
11/16/2021,1100425643,TJDC,SYSOS,,,,133,11/09/2021,11/12/2021,exception,重复订单：allowance_percent 从(3.4%，1.3%)修改为(1.3%),Order,10,,11/12/2021,,,,,,,,,,重复订单：allowance_percent 从(3.4%，1.3%)修改为(1.3%)
11/16/2021,1300416378,GZDC,SYSOS,Coffee,,,486,10/29/2021,11/01/2021,exception,,Item,53,,11/01/2021,020232784,12495107,雀巢金牌厚乳风味拿铁条装即溶咖啡饮品 @10(5x19g) CN,,,,8,411,400,特殊产品需检查订单
11/16/2021,1300416378,GZDC,SYSOS,,,,486,10/29/2021,11/01/2021,exception,跨月订单,Order,53,,11/01/2021,,,,,,,,,,跨月订单
11/16/2021,1300416379,GZDC,SYSOS,,,,61,10/29/2021,11/01/2021,exception,跨月订单,Order,9,,11/01/2021,,,,,,,,,,跨月订单
11/16/2021,1300416381,GZDC,SYSOS,,,,12,10/29/2021,11/04/2021,exception,跨月订单,Order,2,,11/04/2021,,,,,,,,,,跨月订单
11/16/2021,1300416382,GZDC,SYSOS,Coffee,,,408,10/29/2021,11/01/2021,exception,,Item,45,,11/01/2021,020080095,12478233,雀巢咖啡特调果萃系列草莓雪酪风味即溶咖啡饮品@10(5x19g)CN,,,,1,401,514,特殊产品需检查订单
11/16/2021,1300416382,GZDC,SYSOS,,,,408,10/29/2021,11/01/2021,exception,跨月订单,Order,45,,11/01/2021,,,,,,,,,,跨月订单
11/16/2021,1300416383,GZDC,SYSOS,,,,163,10/29/2021,11/04/2021,exception,跨月订单,Order,10,,11/04/2021,,,,,,,,,,跨月订单
11/16/2021,1300416386,GZDC,SYSOS,Dairy,,,72,11/01/2021,11/04/2021,exception,,Item,29,,11/04/2021,020000834,12416019,雀巢怡运全脂高钙奶粉@18x375g CN,,,,2,401,514,特殊产品需检查订单
11/16/2021,1300416386,GZDC,SYSOS,,,,72,11/01/2021,11/04/2021,clean,,Order,29,,11/04/2021,,,,,,,,,,
11/16/2021,1300416387,GZDC,SYSOS,,,,96,11/01/2021,11/04/2021,clean,,Order,9,,11/04/2021,,,,,,,,,,
11/16/2021,1300416388,GZDC,SYSOS,Coffee,,,227,11/04/2021,11/08/2021,exception,,Item,41,,11/08/2021,020232653,12495121,雀巢金牌绵醇卡布奇诺条装即溶咖啡饮品 @10(5x19g) CN,,,,1,831,764,特殊产品需检查订单
11/16/2021,1300416388,GZDC,SYSOS,,,,227,11/04/2021,11/08/2021,clean,,Order,41,,11/08/2021,,,,,,,,,,
11/16/2021,1300416389,GZDC,SYSOS,,,,29,11/04/2021,11/08/2021,clean,,Order,8,,11/08/2021,,,,,,,,,,
11/16/2021,1300416391,GZDC,SYSOS,Coffee,,,983,11/09/2021,11/11/2021,exception,,Item,55,,11/11/2021,020959936,12342577,雀巢金牌原味（日本进口）@24X80g CN,,,,15,831,764,特殊产品需检查订单
11/16/2021,1300416391,GZDC,SYSOS,,,,983,11/09/2021,11/11/2021,clean,,Order,55,,11/11/2021,,,,,,,,,,
11/16/2021,1300416392,GZDC,SYSOS,,,,118,11/09/2021,11/11/2021,clean,,Order,9,,11/11/2021,,,,,,,,,,
11/16/2021,1400323964,SYDC,SYSOS,,,稳定,96,10/29/2021,11/01/2021,exception,跨月订单,Order,1,,11/01/2021,,,,,,,,,,跨月订单
11/16/2021,1400323996,SYDC,SYSOS,,,稳定,48,11/09/2021,11/11/2021,clean,,Order,1,,11/11/2021,,,,,,,,,,
11/16/2021,1550590057,SZDC,1056REQ,Dairy,,,700,10/29/2021,11/01/2021,exception,,Item,1,,11/01/2021,021118720,12492261,雀巢怡养益护因子配方奶粉 @6x850g N2CN,,,,700,475,438,价差订单
11/16/2021,1550590057,SZDC,1056REQ,Dairy,,,700,10/29/2021,11/01/2021,exception,REQ订单; 跨月订单,Order,1,,11/01/2021,,,,,,,,,,REQ订单; 跨月订单
11/16/2021,1550590115,SZDC,MODWK43,,,,103,10/29/2021,11/09/2021,exception,跨月订单,Order,2,,11/09/2021,,,,,,,,,,跨月订单
11/16/2021,1550590267,SZDC,STOF4,,,,6,11/01/2021,11/08/2021,exception,STOF4订单,Order,3,,11/08/2021,,,,,,,,,,STOF4订单
11/16/2021,1550590377,SZDC,FWBWK40,,,,12,11/01/2021,11/08/2021,clean,,Order,5,,11/08/2021,,,,,,,,,,
11/16/2021,1550590463,SZDC,STOF4,Dairy,,,80,11/02/2021,11/09/2021,exception,,Item,11,,11/09/2021,020609480,12481583,"雀巢怡运全脂营养奶粉@8x1KG CN  ",,,,4,411,400,价差订单
11/16/2021,1550590463,SZDC,STOF4,,,,80,11/02/2021,11/09/2021,exception,STOF4订单,Order,11,,11/09/2021,,,,,,,,,,STOF4订单
11/16/2021,1550590464,SZDC,STOF4,,,,4,11/02/2021,11/08/2021,exception,STOF4订单,Order,1,,11/08/2021,,,,,,,,,,STOF4订单
11/16/2021,1550590637,SZDC,STOF4,Coffee,,,48,11/03/2021,11/09/2021,exception,,Item,11,,11/09/2021,021208187,12077778,雀巢咖啡醇品袋装@48(20x1.8g)CN,,,,3,411,400,价差订单
11/16/2021,1550590637,SZDC,STOF4,,,,48,11/03/2021,11/09/2021,exception,STOF4订单,Order,11,,11/09/2021,,,,,,,,,,STOF4订单
11/16/2021,1550590638,SZDC,STOF4,,,,35,11/03/2021,11/08/2021,exception,STOF4订单,Order,1,,11/08/2021,,,,,,,,,,STOF4订单
11/16/2021,1550590862,SZDC,STOF4,,,,30,11/04/2021,11/09/2021,exception,STOF4订单,Order,1,,11/09/2021,,,,,,,,,,STOF4订单
11/16/2021,1550590885,SZDC,MODWK43,,,,55,11/04/2021,11/09/2021,clean,,Order,2,,11/09/2021,,,,,,,,,,
11/16/2021,1550591042,SZDC,MODWK43,,,,2,11/05/2021,11/11/2021,clean,,Order,2,,11/11/2021,,,,,,,,,,
11/16/2021,1550591080,SZDC,MODWK44,,,,122,11/07/2021,11/15/2021,clean,,Order,3,,11/15/2021,,,,,,,,,,
11/16/2021,1550591087,SZDC,3432REQ,Dairy,,,65,11/08/2021,11/10/2021,exception,,Item,2,,11/10/2021,020210868,12492096,雀巢怡运全家营养奶粉袋装@12x300gCN,,,,50,,,特殊产品需检查订单
11/16/2021,1550591087,SZDC,3432REQ,Dairy,,,65,11/08/2021,11/10/2021,exception,REQ订单; 客户指定送货日不在行程日,Order,2,,11/10/2021,,,,,,,,,,REQ订单; 客户指定送货日不在行程日
11/16/2021,1550591176,SZDC,STOF4,,,,5,11/08/2021,11/15/2021,exception,STOF4订单,Order,1,,11/15/2021,,,,,,,,,,STOF4订单
11/16/2021,1550591204,SZDC,STOF4,Dairy,,,90,11/08/2021,11/15/2021,exception,,Item,2,,11/15/2021,020210802,12483915,雀巢怡养健心中老年奶粉袋装 @12(16x25g) CN,,,,30,,,特殊产品需检查订单
11/16/2021,1550591204,SZDC,STOF4,,,,90,11/08/2021,11/15/2021,exception,STOF4订单,Order,2,,11/15/2021,,,,,,,,,,STOF4订单
11/16/2021,1550591205,SZDC,STOF4,,,,15,11/08/2021,11/14/2021,exception,STOF4订单,Order,1,,11/14/2021,,,,,,,,,,STOF4订单
11/16/2021,1550591297,SZDC,MODWK44,,,,6,11/08/2021,11/15/2021,clean,,Order,1,,11/15/2021,,,,,,,,,,
11/16/2021,1550591374,SZDC,STOF4,Dairy,,,2,11/09/2021,11/15/2021,exception,,Item,2,,11/15/2021,020815761,12457551,雀巢鹰唛炼奶芝士味听装 @48x350g CN,,,,1,577,557,价差订单
11/16/2021,1550591374,SZDC,STOF4,,,,2,11/09/2021,11/15/2021,exception,STOF4订单,Order,2,,11/15/2021,,,,,,,,,,STOF4订单
11/16/2021,1550591451,SZDC,MODWK44,,,,1,11/09/2021,11/14/2021,clean,,Order,1,,11/14/2021,,,,,,,,,,
11/16/2021,1550591453,SZDC,MODWK44,,,,185,11/09/2021,11/15/2021,clean,,Order,3,,11/15/2021,,,,,,,,,,
11/16/2021,1550591455,SZDC,HODEMWK41,,,,309,11/09/2021,11/11/2021,clean,,Order,1,,11/11/2021,,,,,,,,,,
11/16/2021,1550591472,SZDC,FWBWK41,,,,1,11/10/2021,11/15/2021,clean,,Order,1,,11/15/2021,,,,,,,,,,
11/16/2021,1550591493,SZDC,FWBWK41,,,,2,11/10/2021,11/15/2021,clean,,Order,1,,11/15/2021,,,,,,,,,,
11/16/2021,1600435776,GZDC,SYSOS,,,稳定,48,10/29/2021,11/01/2021,exception,仓租不为1.3%订单; 跨月订单,Order,1,,11/01/2021,,,,,,,,,,仓租不为1.3%订单; 跨月订单
11/16/2021,1600435777,GZDC,SYSOS,Coffee,,稳定,196,10/29/2021,11/01/2021,exception,,Item,4,,11/01/2021,020434174,12476901,雀巢咖啡1+2特浓双豆拼配条装即溶咖啡 @12(30x13g) CN,,,,48,293,262,价差订单
11/16/2021,1600435777,GZDC,SYSOS,,,稳定,196,10/29/2021,11/01/2021,exception,跨月订单,Order,4,,11/01/2021,,,,,,,,,,跨月订单
11/16/2021,1600435913,GZDC,SYSOS,,,稳定,198,11/09/2021,11/11/2021,exception,重复订单：allowance_percent 从(1.3%，5%)修改为(1.3%),Order,3,,11/11/2021,,,,,,,,,,重复订单：allowance_percent 从(1.3%，5%)修改为(1.3%)
11/16/2021,1650504312,WHDC,POS REPLEN,,,,3,10/31/2021,11/04/2021,exception,问题订单; 跨月订单,Order,3,,11/04/2021,,,,,,,,,,问题订单; 跨月订单
11/16/2021,1650504361,WHDC,POS REPLEN,,,,7,11/04/2021,11/08/2021,exception,问题订单,Order,4,,11/08/2021,,,,,,,,,,问题订单
11/16/2021,1650504373,WHDC,POS REPLEN,,,,34,11/07/2021,11/11/2021,exception,问题订单,Order,11,,11/11/2021,,,,,,,,,,问题订单
11/16/2021,2050493321,CDDC,SYSOS,Dairy,,稳定,476,10/29/2021,11/01/2021,exception,,Item,8,,11/01/2021,020046735,12413033,雀巢爱思培学生奶盒装400g,,,,56,293,262,价差订单
11/16/2021,2050493321,CDDC,SYSOS,,,稳定,476,10/29/2021,11/01/2021,exception,跨月订单,Order,8,,11/01/2021,,,,,,,,,,跨月订单
11/16/2021,2050493386,CDDC,SYSOS,,,稳定,30,11/01/2021,11/04/2021,clean,,Order,1,,11/04/2021,,,,,,,,,,
11/16/2021,2050493440,CDDC,SYSOS,Dairy,,稳定,180,11/04/2021,11/08/2021,exception,,Item,4,,11/08/2021,020046735,12413033,雀巢爱思培学生奶盒装400g,,,,56,725,680,价差订单
11/16/2021,2050493440,CDDC,SYSOS,,,稳定,180,11/04/2021,11/08/2021,clean,,Order,4,,11/08/2021,,,,,,,,,,
11/16/2021,2050493465,CDDC,SYSOS,Dairy,,稳定,476,11/09/2021,11/11/2021,exception,,Item,6,,11/11/2021,020000834,12416019,雀巢怡运全脂高钙奶粉@18x375g CN,,,,78,651,633,价差订单
11/16/2021,2050493465,CDDC,SYSOS,,,稳定,476,11/09/2021,11/11/2021,clean,,Order,6,,11/11/2021,,,,,,,,,,
11/16/2021,2050501545,SYDC,POS REPLEN,,,稳定,48,11/09/2021,11/13/2021,exception,问题订单,Order,1,,11/13/2021,,,,,,,,,,问题订单
11/16/2021,2100504466,CDDC,POS REPLEN,,,,11,10/31/2021,11/04/2021,exception,问题订单; 跨月订单,Order,10,,11/04/2021,,,,,,,,,,问题订单; 跨月订单
11/16/2021,2100504515,CDDC,POS REPLEN,,,,9,11/04/2021,11/08/2021,exception,问题订单,Order,6,,11/08/2021,,,,,,,,,,问题订单
11/16/2021,2100504528,CDDC,POS REPLEN,,,,36,11/07/2021,11/11/2021,exception,问题订单,Order,14,,11/11/2021,,,,,,,,,,问题订单
11/16/2021,2150584274,CDDC,POS REPLEN,Confectionery,,,28,10/31/2021,11/04/2021,exception,,Item,9,,11/04/2021,020746323,12458793,雀巢脆脆鲨鲨刻能榛果味威化代可可脂巧克力分享装 @20(10x20g) CN,,,,2,653,533,价差订单
11/16/2021,2150584274,CDDC,POS REPLEN,,,,28,10/31/2021,11/04/2021,exception,问题订单; 跨月订单,Order,9,,11/04/2021,,,,,,,,,,问题订单; 跨月订单
11/16/2021,2150584291,CDDC,POS REPLEN,Dairy,,,114,10/31/2021,11/04/2021,exception,,Item,28,,11/04/2021,020210802,12483915,雀巢怡养健心中老年奶粉袋装 @12(16x25g) CN,,,,6,411,400,特殊产品需检查订单
11/16/2021,2150584291,CDDC,POS REPLEN,,,,114,10/31/2021,11/04/2021,exception,问题订单; 跨月订单,Order,28,,11/04/2021,,,,,,,,,,问题订单; 跨月订单
11/16/2021,2150584522,CDDC,POS REPLEN,Confectionery,,,10,11/04/2021,11/08/2021,exception,,Item,5,,11/08/2021,020442125,12498720,雀巢脆脆鲨巧克力口味威化代可可脂巧克力分享桶 @12×330g CN,,,,4,653,533,价差订单
11/16/2021,2150584522,CDDC,POS REPLEN,,,,10,11/04/2021,11/08/2021,exception,问题订单,Order,5,,11/08/2021,,,,,,,,,,问题订单
11/16/2021,2150584530,CDDC,POS REPLEN,Coffee,,,233,11/04/2021,11/08/2021,exception,,Item,34,,11/08/2021,020539844,12479912,雀巢咖啡1+2特浓双豆拼配条装即溶咖啡 @15(7x13g) CN,,,,5,401,514,特殊产品需检查订单
11/16/2021,2150584530,CDDC,POS REPLEN,,,,233,11/04/2021,11/08/2021,exception,问题订单,Order,34,,11/08/2021,,,,,,,,,,问题订单
11/16/2021,2150584587,CDDC,POS REPLEN,,,,142,11/07/2021,11/11/2021,exception,问题订单,Order,10,,11/11/2021,,,,,,,,,,问题订单
11/16/2021,2150584599,CDDC,POS REPLEN,Dairy,,,1927,11/07/2021,11/11/2021,exception,,Item,60,,11/11/2021,020418793,12482249,雀巢怡运水果加纤营养奶粉甜美草莓味@10x200gCN,,,,16,411,400,特殊产品需检查订单
11/16/2021,2150584599,CDDC,POS REPLEN,,,,1927,11/07/2021,11/11/2021,exception,问题订单,Order,60,,11/11/2021,,,,,,,,,,问题订单
11/16/2021,2150584777,CDDC,POS REPLEN,,,,161,11/09/2021,11/13/2021,exception,问题订单,Order,11,,11/13/2021,,,,,,,,,,问题订单
11/16/2021,2150584807,CDDC,POS REPLEN,Coffee,,,1033,11/09/2021,11/13/2021,exception,,Item,57,,11/13/2021,020938338,12368832,雀巢金牌丝滑拿铁条装即溶咖啡饮品 @10(5x20g) CN,,,,3,411,400,价差订单
11/16/2021,2150584807,CDDC,POS REPLEN,,,,1033,11/09/2021,11/13/2021,exception,问题订单,Order,57,,11/13/2021,,,,,,,,,,问题订单
11/16/2021,2150590009,JXDC,MODWK43,,,,34,11/04/2021,11/09/2021,clean,,Order,2,,11/09/2021,,,,,,,,,,
11/16/2021,2150590226,JXDC,MODWK44,,,,9,11/07/2021,11/15/2021,clean,,Order,3,,11/15/2021,,,,,,,,,,
11/16/2021,2150590353,JXDC,MODWK44,,,,2,11/08/2021,11/15/2021,clean,,Order,1,,11/15/2021,,,,,,,,,,
11/16/2021,2150590396,JXDC,STOF4,Dairy,,,3,11/09/2021,11/15/2021,exception,,Item,1,,11/15/2021,021118713,12409460,雀巢高钙营养奶粉听装 @6x850gN1 CN,,,,3,401,514,价差订单
11/16/2021,2150590396,JXDC,STOF4,,,,3,11/09/2021,11/15/2021,exception,STOF4订单,Order,1,,11/15/2021,,,,,,,,,,STOF4订单
11/16/2021,2150590435,JXDC,STOF4,,,,1,11/09/2021,11/14/2021,exception,STOF4订单,Order,1,,11/14/2021,,,,,,,,,,STOF4订单
11/16/2021,2150590445,JXDC,MODWK44,,,,144,11/09/2021,11/15/2021,clean,,Order,3,,11/15/2021,,,,,,,,,,
11/16/2021,2150590446,JXDC,HODEMWK41,,,,46,11/09/2021,11/11/2021,clean,,Order,1,,11/11/2021,,,,,,,,,,
11/16/2021,2150590455,JXDC,JDFWK41,Dairy,,,5,11/09/2021,11/15/2021,exception,,Item,3,,11/15/2021,020541527,12479429,雀巢怡养健心金装2合1配方奶粉@6x800g N3CN,,,,1,725,680,价差订单
11/16/2021,2150590455,JXDC,JDFWK41,,,,5,11/09/2021,11/15/2021,clean,,Order,3,,11/15/2021,,,,,,,,,,
11/16/2021,2150590505,JXDC,FWBWK41,,,,1,11/10/2021,11/15/2021,clean,,Order,1,,11/15/2021,,,,,,,,,,
11/16/2021,2200413824,SYDC,SYSOS,Coffee,,,185,10/29/2021,11/01/2021,exception,,Item,43,,11/01/2021,020232653,12495121,雀巢金牌绵醇卡布奇诺条装即溶咖啡饮品 @10(5x19g) CN,,,,2,725,680,特殊产品需检查订单
11/16/2021,2200413824,SYDC,SYSOS,,,,185,10/29/2021,11/01/2021,exception,跨月订单,Order,43,,11/01/2021,,,,,,,,,,跨月订单
11/16/2021,2200413825,SYDC,SYSOS,,,,40,10/29/2021,11/01/2021,exception,仓租不为1.3%订单; 跨月订单,Order,9,,11/01/2021,,,,,,,,,,仓租不为1.3%订单; 跨月订单
11/16/2021,2200413826,SYDC,SYSOS,Coffee,,,140,10/29/2021,11/01/2021,exception,,Item,38,,11/01/2021,020232693,12495109,雀巢金牌香草风味玛奇朵条装即溶咖啡饮品 @10(5x19g) CN,,,,2,651,633,价差订单
11/16/2021,2200413826,SYDC,SYSOS,,,,140,10/29/2021,11/01/2021,exception,跨月订单,Order,38,,11/01/2021,,,,,,,,,,跨月订单
11/16/2021,2200413827,SYDC,SYSOS,Confectionery,,,84,10/29/2021,11/04/2021,exception,,Item,11,,11/04/2021,021002835,12459749,雀巢脆脆鲨巧克力味四条装 @40x50g CN,,,,8,653,533,价差订单
11/16/2021,2200413827,SYDC,SYSOS,,,,84,10/29/2021,11/04/2021,exception,跨月订单,Order,11,,11/04/2021,,,,,,,,,,跨月订单
11/16/2021,2200413828,SYDC,SYSOS,,,,3,10/29/2021,11/04/2021,exception,跨月订单,Order,2,,11/04/2021,,,,,,,,,,跨月订单
11/16/2021,2200413829,SYDC,SYSOS,Coffee,,,19,11/01/2021,11/04/2021,exception,,Item,10,,11/04/2021,020232653,12495121,雀巢金牌绵醇卡布奇诺条装即溶咖啡饮品 @10(5x19g) CN,,,,3,831,764,价差订单
11/16/2021,2200413829,SYDC,SYSOS,,,,19,11/01/2021,11/04/2021,clean,,Order,10,,11/04/2021,,,,,,,,,,
11/16/2021,2200413830,SYDC,SYSOS,,,,42,11/01/2021,11/04/2021,clean,,Order,10,,11/04/2021,,,,,,,,,,
11/16/2021,2200413831,SYDC,SYSOS,Coffee,,,116,11/04/2021,11/08/2021,exception,,Item,34,,11/08/2021,020232784,12495107,雀巢金牌厚乳风味拿铁条装即溶咖啡饮品 @10(5x19g) CN,,,,2,811,770,价差订单
11/16/2021,2200413831,SYDC,SYSOS,,,,116,11/04/2021,11/08/2021,clean,,Order,34,,11/08/2021,,,,,,,,,,
11/16/2021,2200413832,SYDC,SYSOS,,,,3,11/04/2021,11/08/2021,clean,,Order,3,,11/08/2021,,,,,,,,,,
11/16/2021,2200413833,SYDC,SYSOS,,,,123,11/09/2021,11/11/2021,clean,,Order,12,,11/11/2021,,,,,,,,,,
11/16/2021,2200413834,SYDC,SYSOS,Dairy,,,405,11/09/2021,11/11/2021,exception,,Item,51,,11/11/2021,020218452,12322429,鹰唛炼奶低脂支装 @4(6x185g) CN,,,,4,411,400,价差订单
11/16/2021,2200413834,SYDC,SYSOS,,,,405,11/09/2021,11/11/2021,clean,,Order,51,,11/11/2021,,,,,,,,,,
11/16/2021,2450524768,SZDC,SYSOS,Dairy,,,454,10/29/2021,11/01/2021,exception,,Item,39,,11/01/2021,021194064,9123040,雀巢鹰唛炼奶草莓味支装@4(6x185g)CN,,,,16,811,770,价差订单
11/16/2021,2450524768,SZDC,SYSOS,,,,454,10/29/2021,11/01/2021,exception,跨月订单,Order,39,,11/01/2021,,,,,,,,,,跨月订单
11/16/2021,2450524769,SZDC,SYSOS,,,,15,10/29/2021,11/04/2021,exception,跨月订单,Order,3,,11/04/2021,,,,,,,,,,跨月订单
11/16/2021,2450524770,SZDC,SYSOS,,,,225,10/29/2021,11/04/2021,exception,跨月订单,Order,10,,11/04/2021,,,,,,,,,,跨月订单
11/16/2021,2450524774,SZDC,SYSOS,CPW,,,93,11/01/2021,11/04/2021,exception,,Item,29,,11/04/2021,020671876,12431506,雀巢谷物早餐迷你装@20(4x27g)N2CN,,,,5,411,400,价差订单
11/16/2021,2450524774,SZDC,SYSOS,,,,93,11/01/2021,11/04/2021,clean,,Order,29,,11/04/2021,,,,,,,,,,
11/16/2021,2450524775,SZDC,SYSOS,,,,131,11/01/2021,11/04/2021,clean,,Order,9,,11/04/2021,,,,,,,,,,
11/16/2021,2450524777,SZDC,SYSOS,Coffee,,,308,11/04/2021,11/08/2021,exception,,Item,46,,11/08/2021,020662624,12470664,星巴克卡布奇诺精品即溶咖啡饮品@10(4x14g) N1 XJ,,,,1,411,400,价差订单
11/16/2021,2450524777,SZDC,SYSOS,,,,308,11/04/2021,11/08/2021,clean,,Order,46,,11/08/2021,,,,,,,,,,
11/16/2021,2450524778,SZDC,SYSOS,,,,44,11/04/2021,11/08/2021,clean,,Order,8,,11/08/2021,,,,,,,,,,
11/16/2021,2450524781,SZDC,SYSOS,Coffee,,,1150,11/09/2021,11/11/2021,exception,,Item,53,,11/11/2021,020960776,12362971,雀巢金牌咖啡至醇浓郁 @12x100g CN,,,,1,831,764,价差订单
11/16/2021,2450524781,SZDC,SYSOS,,,,1150,11/09/2021,11/11/2021,clean,,Order,53,,11/11/2021,,,,,,,,,,
11/16/2021,2450524782,SZDC,SYSOS,,,,231,11/09/2021,11/11/2021,clean,,Order,10,,11/11/2021,,,,,,,,,,
11/16/2021,2500756074,WHDC,SYSOS,,,,3,11/01/2021,11/04/2021,clean,,Order,3,,11/04/2021,,,,,,,,,,
11/16/2021,2500756075,WHDC,SYSOS,,,,7,11/04/2021,11/08/2021,clean,,Order,4,,11/08/2021,,,,,,,,,,
11/16/2021,2500954441,KMDC,POS REPLEN,,,,10,11/01/2021,11/05/2021,exception,问题订单; 客户指定送货日不在行程日; 客户指定送货日无法满足,Order,7,,11/05/2021,,,,,,,,,,问题订单; 客户指定送货日不在行程日; 客户指定送货日无法满足
11/16/2021,2500954471,KMDC,POS REPLEN,,,,27,11/03/2021,11/07/2021,exception,问题订单; 客户指定送货日不在行程日; 客户指定送货日无法满足,Order,10,,11/07/2021,,,,,,,,,,问题订单; 客户指定送货日不在行程日; 客户指定送货日无法满足
11/16/2021,2500954506,KMDC,POS REPLEN,,,,46,11/08/2021,11/12/2021,exception,问题订单; 客户指定送货日不在行程日; 客户指定送货日无法满足,Order,17,,11/12/2021,,,,,,,,,,问题订单; 客户指定送货日不在行程日; 客户指定送货日无法满足
11/16/2021,2500954531,KMDC,POS REPLEN,,,,31,11/09/2021,11/13/2021,exception,问题订单; 客户指定送货日不在行程日; 客户指定送货日无法满足,Order,13,,11/13/2021,,,,,,,,,,问题订单; 客户指定送货日不在行程日; 客户指定送货日无法满足
11/16/2021,2500954561,KMDC,POS REPLEN,,,,16,11/10/2021,11/14/2021,exception,问题订单; 客户指定送货日不在行程日; 客户指定送货日无法满足,Order,10,,11/14/2021,,,,,,,,,,问题订单; 客户指定送货日不在行程日; 客户指定送货日无法满足
11/16/2021,2550590037,CDDC,STOF4,Dairy,,,5,11/08/2021,11/15/2021,exception,,Item,1,,11/15/2021,021118190,12424359,雀巢怡养中老年奶粉袋装 @12(28x25g) CN,,,,5,651,633,价差订单
11/16/2021,2550590037,CDDC,STOF4,,,,5,11/08/2021,11/15/2021,exception,STOF4订单,Order,1,,11/15/2021,,,,,,,,,,STOF4订单
11/16/2021,2550590049,CDDC,STOF4,Dairy,,,210,11/08/2021,11/15/2021,exception,,Item,3,,11/15/2021,020469270,12451368,雀巢怡养益护因子中老年奶粉双听礼盒 @3(2x700g)CN,,,,200,,,特殊产品需检查订单
11/16/2021,2550590049,CDDC,STOF4,,,,210,11/08/2021,11/15/2021,exception,STOF4订单,Order,3,,11/15/2021,,,,,,,,,,STOF4订单
11/16/2021,2550590099,CDDC,STOF4,Dairy,,,180,11/09/2021,11/15/2021,exception,,Item,3,,11/15/2021,020469270,12451368,雀巢怡养益护因子中老年奶粉双听礼盒 @3(2x700g)CN,,,,150,411,400,特殊产品需检查订单
11/16/2021,2550590099,CDDC,STOF4,,,,180,11/09/2021,11/15/2021,exception,STOF4订单,Order,3,,11/15/2021,,,,,,,,,,STOF4订单
11/16/2021,2550590113,CDDC,MODWK44,,,,157,11/09/2021,11/15/2021,clean,,Order,5,,11/15/2021,,,,,,,,,,
11/16/2021,2550590114,CDDC,HODEMWK41,,,,501,11/09/2021,11/11/2021,clean,,Order,1,,11/11/2021,,,,,,,,,,
11/16/2021,2750546074,SYDC,MODWK41,,,,3,10/27/2021,11/01/2021,exception,跨月订单; 重复订单：订单修改MABD,Order,3,10/30/2021,11/01/2021,,,,,,,,,,跨月订单; 重复订单：订单修改MABD
11/16/2021,2750546088,SYDC,2012REQ,Dairy,,,265,10/29/2021,11/01/2021,exception,,Item,1,,11/01/2021,020210868,12492096,雀巢怡运全家营养奶粉袋装@12x300gCN,,,,265,,,特殊产品需检查订单
11/16/2021,2750546088,SYDC,2012REQ,Dairy,,,265,10/29/2021,11/01/2021,exception,REQ订单; 跨月订单,Order,1,,11/01/2021,,,,,,,,,,REQ订单; 跨月订单
11/16/2021,2750546089,SYDC,3425REQ,Dairy,,,265,10/29/2021,11/01/2021,exception,,Item,1,,11/01/2021,020210868,12492096,雀巢怡运全家营养奶粉袋装@12x300gCN,,,,265,,,特殊产品需检查订单
11/16/2021,2750546089,SYDC,3425REQ,Dairy,,,265,10/29/2021,11/01/2021,exception,REQ订单; 跨月订单,Order,1,,11/01/2021,,,,,,,,,,REQ订单; 跨月订单
11/16/2021,2750546090,SYDC,3414REQ,Coffee,,,160,10/29/2021,11/01/2021,exception,REQ订单; 跨月订单,Order,3,,11/01/2021,,,,,,,,,,REQ订单; 跨月订单
11/16/2021,2750546095,SYDC,MODWK43,,,,13,10/29/2021,11/08/2021,exception,重复订单：订单修改MABD,Order,1,11/09/2021,11/08/2021,,,,,,,,,,重复订单：订单修改MABD
11/16/2021,2750546096,SYDC,1008REQ,Coffee,,,300,10/29/2021,11/01/2021,exception,REQ订单; 跨月订单,Order,3,,11/01/2021,,,,,,,,,,REQ订单; 跨月订单
11/16/2021,2750546135,SYDC,FWBWK40,,,,3,11/01/2021,11/08/2021,clean,,Order,2,,11/08/2021,,,,,,,,,,
11/16/2021,2750546153,SYDC,STOF4,,,,18,11/02/2021,11/08/2021,exception,STOF4订单; 重复订单：订单修改MABD,Order,9,11/09/2021,11/08/2021,,,,,,,,,,STOF4订单; 重复订单：订单修改MABD
11/16/2021,2750546154,SYDC,STOF4,,,,8,11/02/2021,11/08/2021,exception,STOF4订单,Order,4,,11/08/2021,,,,,,,,,,STOF4订单
11/16/2021,2750546196,SYDC,STOF4,,,,8,11/03/2021,11/08/2021,exception,STOF4订单,Order,2,,11/08/2021,,,,,,,,,,STOF4订单
11/16/2021,2750546249,SYDC,MODWK43,,,,2,11/04/2021,11/09/2021,clean,,Order,1,,11/09/2021,,,,,,,,,,
11/16/2021,2750546282,SYDC,MODWK44,,,,13,11/07/2021,11/15/2021,clean,,Order,3,,11/15/2021,,,,,,,,,,
11/16/2021,2750546312,SYDC,MODWK44,,,,52,11/09/2021,11/15/2021,clean,,Order,3,,11/15/2021,,,,,,,,,,
11/16/2021,2750546314,SYDC,HODEMWK41,,,,30,11/09/2021,11/11/2021,clean,,Order,1,,11/11/2021,,,,,,,,,,
11/16/2021,2750546315,SYDC,FWBWK41,,,,2,11/10/2021,11/15/2021,clean,,Order,1,,11/15/2021,,,,,,,,,,
11/16/2021,2750546321,SYDC,FWBWK41,,,,1,11/10/2021,11/15/2021,clean,,Order,1,,11/15/2021,,,,,,,,,,
11/16/2021,2900546577,SZDC,STOF4,,,,11,11/02/2021,11/08/2021,exception,STOF4订单,Order,2,,11/08/2021,,,,,,,,,,STOF4订单
11/16/2021,3050492660,JXDC,SYSOS,,,稳定,65,10/29/2021,11/01/2021,exception,跨月订单,Order,1,,11/01/2021,,,,,,,,,,跨月订单
11/16/2021,3050492661,JXDC,SYSOS,,,稳定,65,10/29/2021,11/01/2021,exception,跨月订单,Order,1,,11/01/2021,,,,,,,,,,跨月订单
11/16/2021,3150521551,WHDC,POS REPLEN,,,稳定,135,10/31/2021,11/04/2021,exception,问题订单; 跨月订单,Order,4,,11/04/2021,,,,,,,,,,问题订单; 跨月订单
11/16/2021,3150521574,WHDC,POS REPLEN,,,稳定,77,11/07/2021,11/11/2021,exception,问题订单,Order,3,,11/11/2021,,,,,,,,,,问题订单
11/16/2021,3200581334,CDDC,POS REPLEN,,,稳定,30,10/31/2021,11/04/2021,exception,问题订单; 跨月订单,Order,1,,11/04/2021,,,,,,,,,,问题订单; 跨月订单
11/16/2021,3200581434,CDDC,POS REPLEN,Dairy,,稳定,180,11/04/2021,11/08/2021,exception,,Item,4,,11/08/2021,020541527,12479429,雀巢怡养健心金装2合1配方奶粉@6x800g N3CN,,,,24,725,680,价差订单
11/16/2021,3200581434,CDDC,POS REPLEN,,,稳定,180,11/04/2021,11/08/2021,exception,问题订单,Order,4,,11/08/2021,,,,,,,,,,问题订单
11/16/2021,3200581459,CDDC,POS REPLEN,Dairy,,稳定,473,11/07/2021,11/11/2021,exception,,Item,5,,11/11/2021,020000834,12416019,雀巢怡运全脂高钙奶粉@18x375g CN,,,,90,651,633,价差订单
11/16/2021,3200581459,CDDC,POS REPLEN,,,稳定,473,11/07/2021,11/11/2021,exception,问题订单,Order,5,,11/11/2021,,,,,,,,,,问题订单
11/16/2021,3200581536,CDDC,POS REPLEN,Dairy,,稳定,476,11/09/2021,11/13/2021,exception,,Item,6,,11/13/2021,020000834,12416019,雀巢怡运全脂高钙奶粉@18x375g CN,,,,78,725,680,价差订单
11/16/2021,3200581536,CDDC,POS REPLEN,,,稳定,476,11/09/2021,11/13/2021,exception,问题订单,Order,6,,11/13/2021,,,,,,,,,,问题订单
11/16/2021,3350426012,CDDC,SYSOS,,,,10,10/29/2021,11/04/2021,exception,跨月订单,Order,3,,11/04/2021,,,,,,,,,,跨月订单
11/16/2021,3350426013,CDDC,SYSOS,Coffee,,,362,10/29/2021,11/01/2021,exception,,Item,39,,11/01/2021,020255133,12458570,雀巢咖啡燕麦拿铁咖啡固体饮品 @12(7x25g) CN,,,,1,811,770,价差订单
11/16/2021,3350426013,CDDC,SYSOS,,,,362,10/29/2021,11/01/2021,exception,跨月订单,Order,39,,11/01/2021,,,,,,,,,,跨月订单
11/16/2021,3350426014,CDDC,SYSOS,Confectionery,,,116,10/29/2021,11/04/2021,exception,,Item,11,,11/04/2021,020542046,12457562,雀巢脆脆鲨鲨明治巧克力味威化饼干小粒装 @12x77gCN,,,,13,653,533,价差订单
11/16/2021,3350426014,CDDC,SYSOS,,,,116,10/29/2021,11/04/2021,exception,跨月订单,Order,11,,11/04/2021,,,,,,,,,,跨月订单
11/16/2021,3350426016,CDDC,SYSOS,Coffee,,,114,11/01/2021,11/04/2021,exception,,Item,28,,11/04/2021,020662623,12470663,星巴克香草风味拿铁精品即溶咖啡饮品@10(4x21.5g)N1 XJ,,,,1,811,770,价差订单
11/16/2021,3350426016,CDDC,SYSOS,,,,114,11/01/2021,11/04/2021,clean,,Order,28,,11/04/2021,,,,,,,,,,
11/16/2021,3350426017,CDDC,SYSOS,Confectionery,,,28,11/01/2021,11/04/2021,exception,,Item,9,,11/04/2021,020542846,12477311,雀巢脆脆鲨鲨明治牛奶味威化饼干小粒装@12x77g CN,,,,1,653,533,价差订单
11/16/2021,3350426017,CDDC,SYSOS,,,,28,11/01/2021,11/04/2021,clean,,Order,9,,11/04/2021,,,,,,,,,,
11/16/2021,3350426019,CDDC,SYSOS,Dairy,,,233,11/04/2021,11/08/2021,exception,,Item,34,,11/08/2021,021118713,12409460,雀巢高钙营养奶粉听装 @6x850gN1 CN,,,,2,401,514,价差订单
11/16/2021,3350426019,CDDC,SYSOS,,,,233,11/04/2021,11/08/2021,clean,,Order,34,,11/08/2021,,,,,,,,,,
11/16/2021,3350426020,CDDC,SYSOS,Confectionery,,,10,11/04/2021,11/08/2021,exception,,Item,5,,11/08/2021,020746323,12458793,雀巢脆脆鲨鲨刻能榛果味威化代可可脂巧克力分享装 @20(10x20g) CN,,,,2,653,533,价差订单
11/16/2021,3350426020,CDDC,SYSOS,,,,10,11/04/2021,11/08/2021,clean,,Order,5,,11/08/2021,,,,,,,,,,
11/16/2021,3350426023,CDDC,SYSOS,,,,148,11/09/2021,11/11/2021,clean,,Order,11,,11/11/2021,,,,,,,,,,
11/16/2021,3350426024,CDDC,SYSOS,Coffee,,,980,11/09/2021,11/11/2021,exception,,Item,53,,11/11/2021,021208191,12077580,雀巢咖啡醇品瓶装@12x200gCN,,,,9,401,514,价差订单
11/16/2021,3350426024,CDDC,SYSOS,,,,980,11/09/2021,11/11/2021,clean,,Order,53,,11/11/2021,,,,,,,,,,
11/16/2021,3550505290,SZDC,POS REPLEN,,,,12,10/31/2021,11/04/2021,exception,问题订单; 跨月订单,Order,8,,11/04/2021,,,,,,,,,,问题订单; 跨月订单
11/16/2021,3550505349,SZDC,POS REPLEN,,,,34,11/04/2021,11/08/2021,exception,问题订单,Order,9,,11/08/2021,,,,,,,,,,问题订单
11/16/2021,3550505364,SZDC,POS REPLEN,,,,152,11/07/2021,11/11/2021,exception,问题订单,Order,14,,11/11/2021,,,,,,,,,,问题订单
11/16/2021,3850432986,KMDC,SYSOS,Coffee,,,283,10/29/2021,11/03/2021,exception,,Item,50,,11/03/2021,020232653,12495121,雀巢金牌绵醇卡布奇诺条装即溶咖啡饮品 @10(5x19g) CN,,,,3,725,680,特殊产品需检查订单
11/16/2021,3850432986,KMDC,SYSOS,,,,283,10/29/2021,11/03/2021,exception,客户指定送货日不在行程日; 客户指定送货日无法满足,Order,50,,11/03/2021,,,,,,,,,,客户指定送货日不在行程日; 客户指定送货日无法满足
11/16/2021,3850432987,KMDC,SYSOS,,,,121,10/29/2021,11/03/2021,exception,客户指定送货日不在行程日; 客户指定送货日无法满足,Order,9,,11/03/2021,,,,,,,,,,客户指定送货日不在行程日; 客户指定送货日无法满足
11/16/2021,3850432988,KMDC,SYSOS,Coffee,,,114,11/01/2021,11/08/2021,exception,,Item,41,,11/08/2021,020232653,12495121,雀巢金牌绵醇卡布奇诺条装即溶咖啡饮品 @10(5x19g) CN,,,,5,811,770,特殊产品需检查订单
11/16/2021,3850432988,KMDC,SYSOS,,,,114,11/01/2021,11/08/2021,exception,客户指定送货日不在行程日,Order,41,,11/08/2021,,,,,,,,,,客户指定送货日不在行程日
11/16/2021,3850432989,KMDC,SYSOS,,,,30,11/01/2021,11/08/2021,exception,客户指定送货日不在行程日,Order,7,,11/08/2021,,,,,,,,,,客户指定送货日不在行程日
11/16/2021,3850432990,KMDC,SYSOS,Coffee,,,169,11/04/2021,11/10/2021,exception,,Item,47,,11/10/2021,020080404,12479589,雀巢咖啡特调果萃系列沁风桃桃风味即溶咖啡饮品@10(5x15g)CN,,,,4,811,770,特殊产品需检查订单
11/16/2021,3850432990,KMDC,SYSOS,,,,169,11/04/2021,11/10/2021,exception,客户指定送货日不在行程日; 客户指定送货日无法满足,Order,47,,11/10/2021,,,,,,,,,,客户指定送货日不在行程日; 客户指定送货日无法满足
11/16/2021,3850432991,KMDC,SYSOS,,,,26,11/04/2021,11/10/2021,exception,客户指定送货日不在行程日; 客户指定送货日无法满足,Order,8,,11/10/2021,,,,,,,,,,客户指定送货日不在行程日; 客户指定送货日无法满足
11/16/2021,3850432992,KMDC,SYSOS,,,,135,11/09/2021,11/15/2021,exception,客户指定送货日不在行程日; 客户指定送货日无法满足,Order,10,,11/15/2021,,,,,,,,,,客户指定送货日不在行程日; 客户指定送货日无法满足
11/16/2021,3850432993,KMDC,SYSOS,Dairy,,,696,11/09/2021,11/15/2021,exception,,Item,58,,11/15/2021,021118713,12409460,雀巢高钙营养奶粉听装 @6x850gN1 CN,,,,8,401,514,价差订单
11/16/2021,3850432993,KMDC,SYSOS,,,,696,11/09/2021,11/15/2021,exception,客户指定送货日不在行程日; 客户指定送货日无法满足,Order,58,,11/15/2021,,,,,,,,,,客户指定送货日不在行程日; 客户指定送货日无法满足
11/16/2021,3850504264,TJDC,POS REPLEN,,,,1,10/31/2021,11/03/2021,exception,问题订单; 跨月订单,Order,1,,11/03/2021,,,,,,,,,,问题订单; 跨月订单
11/16/2021,3850504300,TJDC,POS REPLEN,,,,7,11/03/2021,11/06/2021,exception,问题订单,Order,7,,11/06/2021,,,,,,,,,,问题订单
11/16/2021,3850504324,TJDC,POS REPLEN,,,,42,11/07/2021,11/10/2021,exception,问题订单,Order,11,,11/10/2021,,,,,,,,,,问题订单
11/16/2021,3850504388,TJDC,POS REPLEN,,,,24,11/10/2021,11/13/2021,exception,问题订单,Order,11,,11/13/2021,,,,,,,,,,问题订单
11/16/2021,3900355080,GZDC,SYSOS,,,,24,10/29/2021,11/04/2021,exception,跨月订单; 重复订单：订单修改MABD,Order,10,11/01/2021,11/04/2021,,,,,,,,,,跨月订单; 重复订单：订单修改MABD
11/16/2021,3900355081,GZDC,SYSOS,,,,12,11/01/2021,11/04/2021,clean,,Order,8,,11/04/2021,,,,,,,,,,
11/16/2021,3900355082,GZDC,SYSOS,,,,18,11/04/2021,11/08/2021,clean,,Order,11,,11/08/2021,,,,,,,,,,
11/16/2021,3900483815,TJDC,SYSOS,,,稳定,28,10/29/2021,11/01/2021,exception,跨月订单,Order,1,,11/01/2021,,,,,,,,,,跨月订单
11/16/2021,3900483816,TJDC,SYSOS,Coffee,,稳定,84,10/29/2021,11/01/2021,exception,,Item,3,,11/01/2021,020335406,12477189,雀巢咖啡1+2原味双豆拼配条装即溶咖啡@12(30x15g) CN,,,,12,293,262,价差订单
11/16/2021,3900483816,TJDC,SYSOS,,,稳定,84,10/29/2021,11/01/2021,exception,跨月订单,Order,3,,11/01/2021,,,,,,,,,,跨月订单
11/16/2021,3900483895,TJDC,SYSOS,,,稳定,94,11/09/2021,11/12/2021,clean,,Order,3,,11/12/2021,,,,,,,,,,
11/16/2021,3900483896,TJDC,SYSOS,,,稳定,36,11/09/2021,11/12/2021,clean,,Order,1,,11/12/2021,,,,,,,,,,
11/16/2021,3950437319,KMDC,STOF4,,,,1,11/03/2021,11/12/2021,exception,STOF4订单; 客户指定送货日不在行程日; 客户指定送货日无法满足,Order,1,,11/12/2021,,,,,,,,,,STOF4订单; 客户指定送货日不在行程日; 客户指定送货日无法满足
11/16/2021,4001032158,SZDC,POS REPLEN,Dairy,,稳定,153,11/04/2021,11/08/2021,exception,,Item,3,,11/08/2021,020622937,12413019,雀巢6+学生奶粉听装 @6x1000g CN,,,,70,651,633,价差订单
11/16/2021,4001032158,SZDC,POS REPLEN,,,稳定,153,11/04/2021,11/08/2021,exception,问题订单,Order,3,,11/08/2021,,,,,,,,,,问题订单
11/16/2021,4001032207,SZDC,POS REPLEN,Coffee,,稳定,966,11/07/2021,11/11/2021,exception,,Item,9,,11/11/2021,020627101,12476895,雀巢咖啡1+2奶香双豆拼配条装即溶咖啡 @12(30x15g) CN,,,,48,725,680,价差订单
11/16/2021,4001032207,SZDC,POS REPLEN,,,稳定,966,11/07/2021,11/11/2021,exception,问题订单,Order,9,,11/11/2021,,,,,,,,,,问题订单
11/16/2021,4001032330,SZDC,POS REPLEN,Coffee,,稳定,697,11/09/2021,11/13/2021,exception,,Item,10,,11/13/2021,021208191,12077580,雀巢咖啡醇品瓶装@12x200gCN,,,,60,725,680,价差订单
11/16/2021,4001032330,SZDC,POS REPLEN,,,稳定,697,11/09/2021,11/13/2021,exception,问题订单,Order,10,,11/13/2021,,,,,,,,,,问题订单
11/16/2021,4200518835,WHDC,POS REPLEN,,,稳定,96,11/04/2021,11/08/2021,exception,问题订单,Order,1,,11/08/2021,,,,,,,,,,问题订单
11/16/2021,4200518855,WHDC,POS REPLEN,Coffee,,稳定,363,11/07/2021,11/11/2021,exception,,Item,3,,11/11/2021,021208191,12077580,雀巢咖啡醇品瓶装@12x200gCN,,,,99,651,633,价差订单
11/16/2021,4200518855,WHDC,POS REPLEN,,,稳定,363,11/07/2021,11/11/2021,exception,问题订单,Order,3,,11/11/2021,,,,,,,,,,问题订单
11/16/2021,4200518911,WHDC,POS REPLEN,Coffee,,稳定,470,11/09/2021,11/13/2021,exception,,Item,5,,11/13/2021,020642785,12476896,雀巢咖啡1+2原味条装双豆拼配即溶咖啡饮品 @8(60x15g) CN,,,,40,651,633,价差订单
11/16/2021,4200518911,WHDC,POS REPLEN,,,稳定,470,11/09/2021,11/13/2021,exception,问题订单,Order,5,,11/13/2021,,,,,,,,,,问题订单
11/16/2021,4550581459,KMDC,POS REPLEN,,,稳定,364,11/07/2021,11/14/2021,exception,问题订单; 客户指定送货日不在行程日,Order,4,,11/14/2021,,,,,,,,,,问题订单; 客户指定送货日不在行程日
11/16/2021,4550581537,KMDC,POS REPLEN,,,稳定,156,11/09/2021,11/16/2021,exception,问题订单; 客户指定送货日不在行程日; 客户指定送货日无法满足,Order,4,,11/16/2021,,,,,,,,,,问题订单; 客户指定送货日不在行程日; 客户指定送货日无法满足
11/16/2021,4650584380,GZDC,STOF4,Dairy,,,39,10/25/2021,11/01/2021,exception,,Item,8,10/30/2021,11/01/2021,020469270,12451368,雀巢怡养益护因子中老年奶粉双听礼盒 @3(2x700g)CN,,,,8,725,680,特殊产品需检查订单
11/16/2021,4650584380,GZDC,STOF4,,,,39,10/25/2021,11/01/2021,exception,STOF4订单; 跨月订单; 重复订单：订单修改MABD,Order,8,10/30/2021,11/01/2021,,,,,,,,,,STOF4订单; 跨月订单; 重复订单：订单修改MABD
11/16/2021,4650584483,GZDC,STOF4,,,,1,10/26/2021,11/01/2021,exception,STOF4订单; 跨月订单; 重复订单：订单修改MABD,Order,1,10/30/2021,11/01/2021,,,,,,,,,,STOF4订单; 跨月订单; 重复订单：订单修改MABD
11/16/2021,4650584531,GZDC,STOF4,Dairy,,,45,10/27/2021,11/01/2021,exception,,Item,4,10/30/2021,11/01/2021,020210802,12483915,雀巢怡养健心中老年奶粉袋装 @12(16x25g) CN,,,,5,401,514,特殊产品需检查订单
11/16/2021,4650584531,GZDC,STOF4,,,,45,10/27/2021,11/01/2021,exception,STOF4订单; 跨月订单; 重复订单：订单修改MABD,Order,4,10/30/2021,11/01/2021,,,,,,,,,,STOF4订单; 跨月订单; 重复订单：订单修改MABD
11/16/2021,4650584532,GZDC,STOF4,Dairy,,,1,10/27/2021,11/01/2021,exception,,Item,1,10/30/2021,11/01/2021,020609480,12481583,"雀巢怡运全脂营养奶粉@8x1KG CN  ",,,,1,411,400,价差订单
11/16/2021,4650584532,GZDC,STOF4,,,,1,10/27/2021,11/01/2021,exception,STOF4订单; 跨月订单; 重复订单：订单修改MABD,Order,1,10/30/2021,11/01/2021,,,,,,,,,,STOF4订单; 跨月订单; 重复订单：订单修改MABD
11/16/2021,4650584533,GZDC,STOF4,Dairy,,,20,10/27/2021,11/01/2021,exception,,Item,1,10/30/2021,11/01/2021,020609480,12481583,"雀巢怡运全脂营养奶粉@8x1KG CN  ",,,,20,411,400,价差订单
11/16/2021,4650584533,GZDC,STOF4,,,,20,10/27/2021,11/01/2021,exception,STOF4订单; 跨月订单; 重复订单：订单修改MABD,Order,1,10/30/2021,11/01/2021,,,,,,,,,,STOF4订单; 跨月订单; 重复订单：订单修改MABD
11/16/2021,4650584606,GZDC,0127REQ,Dairy,,,120,10/29/2021,11/01/2021,exception,,Item,1,,11/01/2021,021118720,12492261,雀巢怡养益护因子配方奶粉 @6x850g N2CN,,,,120,475,438,价差订单
11/16/2021,4650584606,GZDC,0127REQ,Dairy,,,120,10/29/2021,11/01/2021,exception,REQ订单; 跨月订单,Order,1,,11/01/2021,,,,,,,,,,REQ订单; 跨月订单
11/16/2021,4650584607,GZDC,1029REQ,Coffee,,,800,10/29/2021,11/01/2021,exception,REQ订单; 跨月订单,Order,3,,11/01/2021,,,,,,,,,,REQ订单; 跨月订单
11/16/2021,4650584628,GZDC,MODWK43,,,,63,10/29/2021,11/09/2021,exception,跨月订单,Order,2,,11/09/2021,,,,,,,,,,跨月订单
11/16/2021,4650584665,GZDC,1022REQ,Dairy,,,120,10/29/2021,11/01/2021,exception,,Item,1,,11/01/2021,021118720,12492261,雀巢怡养益护因子配方奶粉 @6x850g N2CN,,,,120,475,438,价差订单
11/16/2021,4650584665,GZDC,1022REQ,Dairy,,,120,10/29/2021,11/01/2021,exception,REQ订单; 跨月订单,Order,1,,11/01/2021,,,,,,,,,,REQ订单; 跨月订单
11/16/2021,4650584754,GZDC,STOF4,Coffee,,,100,11/01/2021,11/09/2021,exception,,Item,24,,11/09/2021,020959936,12342577,雀巢金牌原味（日本进口）@24X80g CN,,,,5,725,680,特殊产品需检查订单
11/16/2021,4650584754,GZDC,STOF4,,,,100,11/01/2021,11/09/2021,exception,STOF4订单,Order,24,,11/09/2021,,,,,,,,,,STOF4订单
11/16/2021,4650584755,GZDC,STOF4,,,,14,11/01/2021,11/08/2021,exception,STOF4订单,Order,4,,11/08/2021,,,,,,,,,,STOF4订单
11/16/2021,4650584888,GZDC,FWBWK40,,,,6,11/01/2021,11/08/2021,clean,,Order,4,,11/08/2021,,,,,,,,,,
11/16/2021,4650584954,GZDC,STOF4,,,,10,11/02/2021,11/08/2021,exception,STOF4订单,Order,1,,11/08/2021,,,,,,,,,,STOF4订单
11/16/2021,4650585051,GZDC,JDFWK40,Dairy,,,8,11/03/2021,11/08/2021,exception,,Item,1,11/07/2021,11/08/2021,021118190,12424359,雀巢怡养中老年奶粉袋装 @12(28x25g) CN,,,,8,651,633,价差订单
11/16/2021,4650585051,GZDC,JDFWK40,,,,8,11/03/2021,11/08/2021,exception,重复订单：订单修改MABD,Order,1,11/07/2021,11/08/2021,,,,,,,,,,重复订单：订单修改MABD
11/16/2021,4650585116,GZDC,STOF4,Dairy,,,79,11/03/2021,11/09/2021,exception,,Item,26,,11/09/2021,020210861,12481866,雀巢怡运脱脂高钙奶粉袋装@12(16x25g) CN,,,,5,651,633,特殊产品需检查订单
11/16/2021,4650585116,GZDC,STOF4,,,,79,11/03/2021,11/09/2021,exception,STOF4订单,Order,26,,11/09/2021,,,,,,,,,,STOF4订单
11/16/2021,4650585305,GZDC,MODWK43,,,,32,11/04/2021,11/09/2021,clean,,Order,2,,11/09/2021,,,,,,,,,,
11/16/2021,4650585306,GZDC,MODWK43,,,,1,11/04/2021,11/08/2021,clean,,Order,1,,11/08/2021,,,,,,,,,,
11/16/2021,4650585439,GZDC,MODWK44,,,,28,11/07/2021,11/15/2021,clean,,Order,3,,11/15/2021,,,,,,,,,,
11/16/2021,4650585505,GZDC,STOF4,,,,10,11/08/2021,11/15/2021,exception,STOF4订单,Order,1,,11/15/2021,,,,,,,,,,STOF4订单
11/16/2021,4650585523,GZDC,STOF4,Dairy,,,108,11/08/2021,11/15/2021,exception,,Item,20,,11/15/2021,020469270,12451368,雀巢怡养益护因子中老年奶粉双听礼盒 @3(2x700g)CN,,,,20,651,633,特殊产品需检查订单
11/16/2021,4650585523,GZDC,STOF4,,,,108,11/08/2021,11/15/2021,exception,STOF4订单,Order,20,,11/15/2021,,,,,,,,,,STOF4订单
11/16/2021,4650585524,GZDC,STOF4,,,,2,11/08/2021,11/14/2021,exception,STOF4订单,Order,1,,11/14/2021,,,,,,,,,,STOF4订单
11/16/2021,4650585571,GZDC,MODWK44,,,,4,11/08/2021,11/15/2021,clean,,Order,1,,11/15/2021,,,,,,,,,,
11/16/2021,4650585610,GZDC,STOF4,Dairy,,,2,11/09/2021,11/15/2021,exception,,Item,1,,11/15/2021,020362273,12338778,雀巢NIDO脱脂高钙奶粉袋装 @24x400g XE,,,,2,831,764,价差订单
11/16/2021,4650585610,GZDC,STOF4,,,,2,11/09/2021,11/15/2021,exception,STOF4订单,Order,1,,11/15/2021,,,,,,,,,,STOF4订单
11/16/2021,4650585632,GZDC,MODWK44,,,,177,11/09/2021,11/15/2021,clean,,Order,3,,11/15/2021,,,,,,,,,,
11/16/2021,4650585634,GZDC,HODEMWK41,,,,174,11/09/2021,11/11/2021,clean,,Order,1,,11/11/2021,,,,,,,,,,
11/16/2021,4650585643,GZDC,JDFWK41,Dairy,,,3,11/09/2021,11/15/2021,exception,,Item,2,,11/15/2021,020622937,12413019,雀巢6+学生奶粉听装 @6x1000g CN,,,,1,725,680,价差订单
11/16/2021,4650585643,GZDC,JDFWK41,,,,3,11/09/2021,11/15/2021,clean,,Order,2,,11/15/2021,,,,,,,,,,
11/16/2021,4650585687,GZDC,FWBWK41,,,,1,11/10/2021,11/15/2021,clean,,Order,1,,11/15/2021,,,,,,,,,,
11/16/2021,4700481100,SZDC,SYSOS,,,,11,10/29/2021,11/04/2021,exception,跨月订单; 重复订单：订单修改MABD,Order,6,11/01/2021,11/04/2021,,,,,,,,,,跨月订单; 重复订单：订单修改MABD
11/16/2021,4700481101,SZDC,SYSOS,,,,12,11/01/2021,11/04/2021,clean,,Order,8,,11/04/2021,,,,,,,,,,
11/16/2021,4700481102,SZDC,SYSOS,,,,34,11/04/2021,11/08/2021,clean,,Order,9,,11/08/2021,,,,,,,,,,
11/16/2021,4750560183,SZDC,SYSOS,,,稳定,50,10/29/2021,11/04/2021,exception,跨月订单; 重复订单：订单修改MABD,Order,3,11/01/2021,11/04/2021,,,,,,,,,,跨月订单; 重复订单：订单修改MABD
11/16/2021,4750560186,SZDC,SYSOS,,,稳定,80,11/01/2021,11/04/2021,clean,,Order,3,,11/04/2021,,,,,,,,,,
11/16/2021,4750560189,SZDC,REGPRO2124,,,稳定,85,11/03/2021,11/08/2021,exception,重复订单：订单修改MABD,Order,6,11/07/2021,11/08/2021,,,,,,,,,,重复订单：订单修改MABD
11/16/2021,4750560199,SZDC,SYSOS,,,稳定,70,11/04/2021,11/08/2021,clean,,Order,2,,11/08/2021,,,,,,,,,,
11/16/2021,5050392926,JXDC,SYSOS,,,,6,11/01/2021,11/04/2021,clean,,Order,4,,11/04/2021,,,,,,,,,,
11/16/2021,5050392927,JXDC,SYSOS,,,,4,11/04/2021,11/08/2021,clean,,Order,4,,11/08/2021,,,,,,,,,,
11/16/2021,5250511704,CDDC,POS REPLEN,,,稳定,10,10/31/2021,11/04/2021,exception,问题订单; 跨月订单,Order,1,,11/04/2021,,,,,,,,,,问题订单; 跨月订单
11/16/2021,5250511725,CDDC,POS REPLEN,,,稳定,180,11/07/2021,11/11/2021,exception,问题订单,Order,3,,11/11/2021,,,,,,,,,,问题订单
11/16/2021,5450505439,GZDC,POS REPLEN,,,,12,10/31/2021,11/04/2021,exception,问题订单; 跨月订单,Order,8,,11/04/2021,,,,,,,,,,问题订单; 跨月订单
11/16/2021,5450505495,GZDC,POS REPLEN,,,,18,11/04/2021,11/08/2021,exception,问题订单,Order,11,,11/08/2021,,,,,,,,,,问题订单
11/16/2021,5450505510,GZDC,POS REPLEN,,,,101,11/07/2021,11/11/2021,exception,问题订单,Order,16,,11/11/2021,,,,,,,,,,问题订单
11/16/2021,5500430537,KMDC,SYSOS,,,,10,11/01/2021,11/08/2021,exception,客户指定送货日不在行程日,Order,7,,11/08/2021,,,,,,,,,,客户指定送货日不在行程日
11/16/2021,5500430538,KMDC,SYSOS,,,,27,11/04/2021,11/10/2021,exception,客户指定送货日不在行程日; 客户指定送货日无法满足,Order,10,,11/10/2021,,,,,,,,,,客户指定送货日不在行程日; 客户指定送货日无法满足
11/16/2021,5500430539,KMDC,SYSOS,,,,31,11/09/2021,11/15/2021,exception,客户指定送货日不在行程日; 客户指定送货日无法满足,Order,13,,11/15/2021,,,,,,,,,,客户指定送货日不在行程日; 客户指定送货日无法满足
11/16/2021,5550580900,TJDC,POS REPLEN,,,稳定,228,11/07/2021,11/12/2021,exception,问题订单,Order,4,,11/12/2021,,,,,,,,,,问题订单
11/16/2021,5550580976,TJDC,POS REPLEN,,,稳定,36,11/09/2021,11/13/2021,exception,问题订单,Order,1,,11/13/2021,,,,,,,,,,问题订单
11/16/2021,5550580977,TJDC,POS REPLEN,,,稳定,94,11/09/2021,11/14/2021,exception,问题订单,Order,3,,11/14/2021,,,,,,,,,,问题订单
11/16/2021,5700843323,CDDC,SYSOS,,,,11,11/01/2021,11/04/2021,clean,,Order,10,,11/04/2021,,,,,,,,,,
11/16/2021,5700843324,CDDC,SYSOS,,,,9,11/04/2021,11/08/2021,clean,,Order,6,,11/08/2021,,,,,,,,,,
11/16/2021,5700954373,JXDC,POS REPLEN,,,,6,10/31/2021,11/04/2021,exception,问题订单; 跨月订单,Order,4,,11/04/2021,,,,,,,,,,问题订单; 跨月订单
11/16/2021,5700954417,JXDC,POS REPLEN,,,,4,11/04/2021,11/08/2021,exception,问题订单,Order,4,,11/08/2021,,,,,,,,,,问题订单
11/16/2021,5700954432,JXDC,POS REPLEN,,,,27,11/07/2021,11/11/2021,exception,问题订单,Order,12,,11/11/2021,,,,,,,,,,问题订单
11/16/2021,5800501337,TJDC,POS REPLEN,,,稳定,70,11/03/2021,11/06/2021,exception,问题订单,Order,2,,11/06/2021,,,,,,,,,,问题订单
11/16/2021,5800501363,TJDC,POS REPLEN,,,稳定,10,11/10/2021,11/13/2021,exception,问题订单,Order,1,,11/13/2021,,,,,,,,,,问题订单
11/16/2021,5850579125,CDDC,STOF4,,,,20,10/25/2021,10/30/2021,exception,STOF4订单; 重复订单：订单修改MABD,Order,2,11/01/2021,10/30/2021,,,,,,,,,,STOF4订单; 重复订单：订单修改MABD
11/16/2021,5850579262,CDDC,STOF4,Coffee,,,180,10/29/2021,11/09/2021,exception,,Item,12,,11/09/2021,020662623,12470663,星巴克香草风味拿铁精品即溶咖啡饮品@10(4x21.5g)N1 XJ,,,,5,811,770,价差订单
11/16/2021,5850579262,CDDC,STOF4,,,,180,10/29/2021,11/09/2021,exception,STOF4订单; 跨月订单,Order,12,,11/09/2021,,,,,,,,,,STOF4订单; 跨月订单
11/16/2021,5850579268,CDDC,MODWK43,,,,12,10/29/2021,11/09/2021,exception,跨月订单,Order,2,,11/09/2021,,,,,,,,,,跨月订单
11/16/2021,5850579371,CDDC,STOF4,Dairy,,,17,11/01/2021,11/09/2021,exception,,Item,4,,11/09/2021,020622937,12413019,雀巢6+学生奶粉听装 @6x1000g CN,,,,4,,,特殊产品需检查订单
11/16/2021,5850579371,CDDC,STOF4,,,,17,11/01/2021,11/09/2021,exception,STOF4订单,Order,4,,11/09/2021,,,,,,,,,,STOF4订单
11/16/2021,5850579436,CDDC,FWBWK40,Confectionery,,,10,11/01/2021,11/09/2021,exception,,Item,6,,11/09/2021,021189961,12457091,雀巢脆脆鲨花生夹心威化32条装@24(32x20g)N1CN,,,,2,653,533,价差订单
11/16/2021,5850579436,CDDC,FWBWK40,,,,10,11/01/2021,11/09/2021,clean,,Order,6,,11/09/2021,,,,,,,,,,
11/16/2021,5850579490,CDDC,STOF4,Dairy,,,287,11/02/2021,11/09/2021,exception,,Item,3,,11/09/2021,020469270,12451368,雀巢怡养益护因子中老年奶粉双听礼盒 @3(2x700g)CN,,,,280,,,特殊产品需检查订单
11/16/2021,5850579490,CDDC,STOF4,,,,287,11/02/2021,11/09/2021,exception,STOF4订单,Order,3,,11/09/2021,,,,,,,,,,STOF4订单
11/16/2021,5850579545,CDDC,JDFWK40,,,,1,11/03/2021,11/08/2021,exception,重复订单：订单修改MABD,Order,1,11/07/2021,11/08/2021,,,,,,,,,,重复订单：订单修改MABD
11/16/2021,5850579614,CDDC,STOF4,Dairy,,,16,11/03/2021,11/09/2021,exception,,Item,3,,11/09/2021,020362273,12338778,雀巢NIDO脱脂高钙奶粉袋装 @24x400g XE,,,,1,831,764,价差订单
11/16/2021,5850579614,CDDC,STOF4,,,,16,11/03/2021,11/09/2021,exception,STOF4订单,Order,3,,11/09/2021,,,,,,,,,,STOF4订单
11/16/2021,5850579789,CDDC,STOF4,Dairy,,,38,11/04/2021,11/09/2021,exception,,Item,5,,11/09/2021,020622937,12413019,雀巢6+学生奶粉听装 @6x1000g CN,,,,10,411,400,特殊产品需检查订单
11/16/2021,5850579789,CDDC,STOF4,,,,38,11/04/2021,11/09/2021,exception,STOF4订单,Order,5,,11/09/2021,,,,,,,,,,STOF4订单
11/16/2021,5850579804,CDDC,MODWK43,,,,74,11/04/2021,11/09/2021,clean,,Order,2,,11/09/2021,,,,,,,,,,
11/16/2021,5850579909,CDDC,STOF4,Dairy,,,133,11/05/2021,11/11/2021,exception,,Item,3,,11/11/2021,020609480,12481583,"雀巢怡运全脂营养奶粉@8x1KG CN  ",,,,3,411,400,价差订单
11/16/2021,5850579909,CDDC,STOF4,,,,133,11/05/2021,11/11/2021,exception,STOF4订单,Order,3,,11/11/2021,,,,,,,,,,STOF4订单
11/16/2021,5850579966,CDDC,MODWK44,,,,9,11/07/2021,11/15/2021,clean,,Order,3,,11/15/2021,,,,,,,,,,
11/16/2021,6250494714,WHDC,SYSOS,Dairy,,,697,10/29/2021,11/01/2021,exception,,Item,57,,11/01/2021,020418793,12482249,雀巢怡运水果加纤营养奶粉甜美草莓味@10x200gCN,,,,3,411,400,价差订单
11/16/2021,6250494714,WHDC,SYSOS,,,,697,10/29/2021,11/01/2021,exception,跨月订单,Order,57,,11/01/2021,,,,,,,,,,跨月订单
11/16/2021,6250494715,WHDC,SYSOS,,,,69,10/29/2021,11/01/2021,exception,跨月订单,Order,10,,11/01/2021,,,,,,,,,,跨月订单
11/16/2021,6250494723,WHDC,SYSOS,Dairy,,,560,10/29/2021,11/01/2021,exception,,Item,38,,11/01/2021,020218452,12322429,鹰唛炼奶低脂支装 @4(6x185g) CN,,,,1,725,680,价差订单
11/16/2021,6250494723,WHDC,SYSOS,,,,560,10/29/2021,11/01/2021,exception,跨月订单,Order,38,,11/01/2021,,,,,,,,,,跨月订单
11/16/2021,6250494724,WHDC,SYSOS,,,,6,10/29/2021,11/04/2021,exception,跨月订单,Order,2,,11/04/2021,,,,,,,,,,跨月订单
11/16/2021,6250494725,WHDC,SYSOS,,,,125,10/29/2021,11/04/2021,exception,跨月订单,Order,9,,11/04/2021,,,,,,,,,,跨月订单
11/16/2021,6250494741,WHDC,SYSOS,Dairy,,,102,11/01/2021,11/04/2021,exception,,Item,27,,11/04/2021,021194054,9122040,雀巢鹰唛炼奶原味支装@4(6x185g)CN,,,,2,401,514,价差订单
11/16/2021,6250494741,WHDC,SYSOS,,,,102,11/01/2021,11/04/2021,clean,,Order,27,,11/04/2021,,,,,,,,,,
11/16/2021,6250494742,WHDC,SYSOS,,,,79,11/01/2021,11/04/2021,clean,,Order,10,,11/04/2021,,,,,,,,,,
11/16/2021,6250494767,WHDC,SYSOS,Coffee,,,364,11/04/2021,11/08/2021,exception,,Item,42,,11/08/2021,020938343,12412960,雀巢金牌卡布奇诺条装咖啡 @10(5x19g)CN,,,,2,725,680,价差订单
11/16/2021,6250494767,WHDC,SYSOS,,,,364,11/04/2021,11/08/2021,clean,,Order,42,,11/08/2021,,,,,,,,,,
11/16/2021,6250494768,WHDC,SYSOS,,,,8,11/04/2021,11/08/2021,clean,,Order,4,,11/08/2021,,,,,,,,,,
11/16/2021,6250494808,WHDC,SYSOS,,,,109,11/09/2021,11/11/2021,clean,,Order,12,,11/11/2021,,,,,,,,,,
11/16/2021,6250494809,WHDC,SYSOS,Dairy,,,1306,11/09/2021,11/11/2021,exception,,Item,52,,11/11/2021,020541527,12479429,雀巢怡养健心金装2合1配方奶粉@6x800g N3CN,,,,73,725,680,价差订单
11/16/2021,6250494809,WHDC,SYSOS,,,,1306,11/09/2021,11/11/2021,clean,,Order,52,,11/11/2021,,,,,,,,,,
11/16/2021,6400423614,CDDC,SYSOS,Confectionery,散威化,,34,02/18/2021,02/22/2021,exception,,Item,1,,02/22/2021,021402419,12458252,雀巢脆脆鲨巧克力口味威化散称装@5kg N1 CN,,,,34,292,226,价差订单
11/16/2021,6400423614,CDDC,SYSOS,,散威化,,34,02/18/2021,02/22/2021,exception,散威化请确认是否出单,Order,1,,02/22/2021,,,,,,,,,,散威化请确认是否出单
11/16/2021,6400577597,JXDC,POS REPLEN,,,,48,10/31/2021,11/03/2021,exception,问题订单; 跨月订单,Order,9,,11/03/2021,,,,,,,,,,问题订单; 跨月订单
11/16/2021,6400577606,JXDC,POS REPLEN,Dairy,,,61,10/31/2021,11/04/2021,exception,,Item,23,,11/04/2021,020218452,12322429,鹰唛炼奶低脂支装 @4(6x185g) CN,,,,4,401,514,价差订单
11/16/2021,6400577606,JXDC,POS REPLEN,,,,61,10/31/2021,11/04/2021,exception,问题订单; 跨月订单,Order,23,,11/04/2021,,,,,,,,,,问题订单; 跨月订单
11/16/2021,6400577851,JXDC,POS REPLEN,,,,13,11/04/2021,11/07/2021,exception,问题订单,Order,6,,11/07/2021,,,,,,,,,,问题订单
11/16/2021,6400577859,JXDC,POS REPLEN,Dairy,,,151,11/04/2021,11/08/2021,exception,,Item,40,,11/08/2021,021194053,12192124,雀巢鹰唛炼奶零售装@48x350g CN,,,,3,811,770,价差订单
11/16/2021,6400577859,JXDC,POS REPLEN,,,,151,11/04/2021,11/08/2021,exception,问题订单,Order,40,,11/08/2021,,,,,,,,,,问题订单
11/16/2021,6400577917,JXDC,POS REPLEN,Confectionery,,,86,11/07/2021,11/10/2021,exception,,Item,11,,11/10/2021,020542148,12456436,雀巢脆脆鲨鲨明治芝士味威化饼干小粒装 @12x77gCN,,,,6,653,533,价差订单
11/16/2021,6400577917,JXDC,POS REPLEN,,,,86,11/07/2021,11/10/2021,exception,问题订单,Order,11,,11/10/2021,,,,,,,,,,问题订单
11/16/2021,6400577929,JXDC,POS REPLEN,Coffee,,,1983,11/07/2021,11/11/2021,exception,,Item,63,,11/11/2021,020098709,12326603,雀巢金牌臻享白咖啡条装 @ 12(12x29g)CN,,,,6,401,514,价差订单
11/16/2021,6400577929,JXDC,POS REPLEN,,,,1983,11/07/2021,11/11/2021,exception,问题订单,Order,63,,11/11/2021,,,,,,,,,,问题订单
11/16/2021,6400578103,JXDC,POS REPLEN,,,,74,11/09/2021,11/12/2021,exception,问题订单,Order,11,,11/12/2021,,,,,,,,,,问题订单
11/16/2021,6400578152,JXDC,POS REPLEN,Dairy,,,634,11/09/2021,11/13/2021,exception,,Item,59,,11/13/2021,020009217,12342813,"雀巢 NIDO NIDO 全脂高钙奶粉立袋装 @12x900g XI ",,,,11,811,770,价差订单
11/16/2021,6400578152,JXDC,POS REPLEN,,,,634,11/09/2021,11/13/2021,exception,问题订单,Order,59,,11/13/2021,,,,,,,,,,问题订单
11/16/2021,6450579203,JXDC,STOF4,,,,30,10/25/2021,11/01/2021,exception,STOF4订单; 跨月订单,Order,1,,11/01/2021,,,,,,,,,,STOF4订单; 跨月订单
11/16/2021,6450579311,JXDC,STOF4,,,,4,10/28/2021,11/04/2021,exception,STOF4订单; 重复订单：订单修改MABD,Order,2,11/03/2021,11/04/2021,,,,,,,,,,STOF4订单; 重复订单：订单修改MABD
11/16/2021,6450579387,JXDC,MODWK43,,,,46,10/29/2021,11/09/2021,exception,跨月订单,Order,2,,11/09/2021,,,,,,,,,,跨月订单
11/16/2021,6450579392,JXDC,2038REQ,Dairy,,,500,10/29/2021,11/06/2021,exception,REQ订单; 客户指定送货日不在行程日; 重复订单：订单修改MABD,Order,1,11/01/2021,11/06/2021,,,,,,,,,,REQ订单; 客户指定送货日不在行程日; 重复订单：订单修改MABD
11/16/2021,6450579493,JXDC,STOF4,Coffee,,,19,11/01/2021,11/09/2021,exception,,Item,3,,11/09/2021,020335406,12477189,雀巢咖啡1+2原味双豆拼配条装即溶咖啡@12(30x15g) CN,,,,10,,,特殊产品需检查订单
11/16/2021,6450579493,JXDC,STOF4,,,,19,11/01/2021,11/09/2021,exception,STOF4订单,Order,3,,11/09/2021,,,,,,,,,,STOF4订单
11/16/2021,6450579573,JXDC,FWBWK40,,,,12,11/01/2021,11/08/2021,clean,,Order,6,,11/08/2021,,,,,,,,,,
11/16/2021,6450579647,JXDC,STOF4,Coffee,,,63,11/02/2021,11/09/2021,exception,,Item,13,,11/09/2021,020959936,12342577,雀巢金牌原味（日本进口）@24X80g CN,,,,2,651,633,价差订单
11/16/2021,6450579647,JXDC,STOF4,,,,63,11/02/2021,11/09/2021,exception,STOF4订单,Order,13,,11/09/2021,,,,,,,,,,STOF4订单
11/16/2021,6450579747,JXDC,JDFWK40,Dairy,,,5,11/03/2021,11/08/2021,exception,,Item,2,11/07/2021,11/08/2021,020541527,12479429,雀巢怡养健心金装2合1配方奶粉@6x800g N3CN,,,,1,725,680,价差订单
11/16/2021,6450579747,JXDC,JDFWK40,,,,5,11/03/2021,11/08/2021,exception,重复订单：订单修改MABD,Order,2,11/07/2021,11/08/2021,,,,,,,,,,重复订单：订单修改MABD
11/16/2021,6450579748,JXDC,JDFWK40,Confectionery,,,1,11/03/2021,11/08/2021,exception,,Item,1,11/07/2021,11/08/2021,021189960,12457589,雀巢脆脆鲨巧克力味威化 @24(32X20g) N1 CN,,,,1,653,533,价差订单
11/16/2021,6450579748,JXDC,JDFWK40,,,,1,11/03/2021,11/08/2021,exception,重复订单：订单修改MABD,Order,1,11/07/2021,11/08/2021,,,,,,,,,,重复订单：订单修改MABD
11/16/2021,6450579810,JXDC,STOF4,,,,10,11/03/2021,11/09/2021,exception,STOF4订单,Order,1,,11/09/2021,,,,,,,,,,STOF4订单
11/16/2021,6650581828,KMDC,STOF4,,,,3,10/29/2021,11/12/2021,exception,STOF4订单; 客户指定送货日不在行程日; 客户指定送货日无法满足,Order,1,,11/12/2021,,,,,,,,,,STOF4订单; 客户指定送货日不在行程日; 客户指定送货日无法满足
11/16/2021,6650581841,KMDC,MODWK43,,,,90,10/29/2021,11/12/2021,exception,客户指定送货日不在行程日; 客户指定送货日无法满足,Order,2,,11/12/2021,,,,,,,,,,客户指定送货日不在行程日; 客户指定送货日无法满足
11/16/2021,6650581853,KMDC,FWBWK39,,,,1,10/29/2021,11/11/2021,exception,客户指定送货日不在行程日; 客户指定送货日无法满足,Order,1,,11/11/2021,,,,,,,,,,客户指定送货日不在行程日; 客户指定送货日无法满足
11/16/2021,6650581946,KMDC,STOF4,Dairy,,,2,11/01/2021,11/12/2021,exception,,Item,1,,11/12/2021,020210861,12481866,雀巢怡运脱脂高钙奶粉袋装@12(16x25g) CN,,,,2,,,特殊产品需检查订单
11/16/2021,6650581946,KMDC,STOF4,,,,2,11/01/2021,11/12/2021,exception,STOF4订单; 客户指定送货日不在行程日; 客户指定送货日无法满足,Order,1,,11/12/2021,,,,,,,,,,STOF4订单; 客户指定送货日不在行程日; 客户指定送货日无法满足
11/16/2021,6650582031,KMDC,FWBWK40,,,,8,11/01/2021,11/11/2021,exception,客户指定送货日不在行程日; 客户指定送货日无法满足,Order,5,,11/11/2021,,,,,,,,,,客户指定送货日不在行程日; 客户指定送货日无法满足
11/16/2021,6650582201,KMDC,STOF4,Coffee,,,25,11/03/2021,11/12/2021,exception,,Item,4,,11/12/2021,020434202,12479927,雀巢咖啡1+2奶香双豆拼配条装即溶咖啡 @15(7x15g) CN,,,,4,577,557,价差订单
11/16/2021,6650582201,KMDC,STOF4,,,,25,11/03/2021,11/12/2021,exception,STOF4订单; 客户指定送货日不在行程日; 客户指定送货日无法满足,Order,4,,11/12/2021,,,,,,,,,,STOF4订单; 客户指定送货日不在行程日; 客户指定送货日无法满足
11/16/2021,6650582512,KMDC,MODWK44,,,,102,11/07/2021,11/18/2021,exception,客户指定送货日不在行程日,Order,3,,11/18/2021,,,,,,,,,,客户指定送货日不在行程日
11/16/2021,6650582581,KMDC,STOF4,,,,3,11/08/2021,11/18/2021,exception,STOF4订单; 客户指定送货日不在行程日,Order,1,,11/18/2021,,,,,,,,,,STOF4订单; 客户指定送货日不在行程日
11/16/2021,6650582597,KMDC,STOF4,Dairy,,,19,11/08/2021,11/18/2021,exception,,Item,8,,11/18/2021,020046756,12409362,雀巢怡跃 高纤高钙高铁脱脂奶 400g 盒装 @12(16X25g),,,,2,725,680,特殊产品需检查订单
11/16/2021,6650582597,KMDC,STOF4,,,,19,11/08/2021,11/18/2021,exception,STOF4订单; 客户指定送货日不在行程日,Order,8,,11/18/2021,,,,,,,,,,STOF4订单; 客户指定送货日不在行程日
11/16/2021,6650582639,KMDC,MODWK44,,,,15,11/08/2021,11/18/2021,exception,客户指定送货日不在行程日,Order,1,,11/18/2021,,,,,,,,,,客户指定送货日不在行程日
11/16/2021,6650582655,KMDC,STOF4,,,,2,11/09/2021,11/18/2021,exception,STOF4订单; 客户指定送货日不在行程日; 客户指定送货日无法满足,Order,1,,11/18/2021,,,,,,,,,,STOF4订单; 客户指定送货日不在行程日; 客户指定送货日无法满足
11/16/2021,6650582703,KMDC,STOF4,,,,4,11/09/2021,11/18/2021,exception,STOF4订单; 客户指定送货日不在行程日; 客户指定送货日无法满足,Order,2,,11/18/2021,,,,,,,,,,STOF4订单; 客户指定送货日不在行程日; 客户指定送货日无法满足
11/16/2021,6650582705,KMDC,MODWK44,,,,1,11/09/2021,11/18/2021,exception,客户指定送货日不在行程日; 客户指定送货日无法满足,Order,1,,11/18/2021,,,,,,,,,,客户指定送货日不在行程日; 客户指定送货日无法满足
11/16/2021,6650582708,KMDC,HODEMWK41,,,,30,11/09/2021,11/15/2021,exception,客户指定送货日不在行程日; 客户指定送货日无法满足,Order,1,,11/15/2021,,,,,,,,,,客户指定送货日不在行程日; 客户指定送货日无法满足
11/16/2021,6650582746,KMDC,FWBWK41,,,,1,11/10/2021,11/18/2021,exception,客户指定送货日不在行程日; 客户指定送货日无法满足,Order,1,,11/18/2021,,,,,,,,,,客户指定送货日不在行程日; 客户指定送货日无法满足
11/16/2021,6750501757,GZDC,POS REPLEN,,,稳定,130,10/31/2021,11/04/2021,exception,问题订单; 跨月订单,Order,3,,11/04/2021,,,,,,,,,,问题订单; 跨月订单
11/16/2021,6750501783,GZDC,POS REPLEN,,,稳定,70,11/07/2021,11/11/2021,exception,问题订单,Order,2,,11/11/2021,,,,,,,,,,问题订单
11/16/2021,6900302563,WHDC,SYSOS,,,稳定,135,11/01/2021,11/04/2021,clean,,Order,4,,11/04/2021,,,,,,,,,,
11/16/2021,6900302566,WHDC,REGPRO2124,,,稳定,25,11/03/2021,11/08/2021,exception,重复订单：订单修改MABD,Order,3,11/07/2021,11/08/2021,,,,,,,,,,重复订单：订单修改MABD
11/16/2021,6900374461,TJDC,SYSOS,,,,1,11/01/2021,11/03/2021,clean,,Order,1,,11/03/2021,,,,,,,,,,
11/16/2021,6900374463,TJDC,SYSOS,,,,7,11/04/2021,11/08/2021,clean,,Order,7,,11/08/2021,,,,,,,,,,
11/16/2021,6900582721,WHDC,FWBWK39,,,,1,10/28/2021,11/01/2021,exception,跨月订单; 重复订单：订单修改MABD,Order,1,10/30/2021,11/01/2021,,,,,,,,,,跨月订单; 重复订单：订单修改MABD
11/16/2021,6900582826,WHDC,MODWK43,,,,66,10/29/2021,11/09/2021,exception,跨月订单,Order,2,,11/09/2021,,,,,,,,,,跨月订单
11/16/2021,6900582838,WHDC,FWBWK39,,,,2,10/29/2021,11/08/2021,exception,跨月订单,Order,2,,11/08/2021,,,,,,,,,,跨月订单
11/16/2021,6900582910,WHDC,STOF4,,,,20,11/01/2021,11/04/2021,exception,STOF4订单; 重复订单：订单修改MABD,Order,1,11/09/2021,11/04/2021,,,,,,,,,,STOF4订单; 重复订单：订单修改MABD
11/16/2021,6900582929,WHDC,STOF4,,,,100,11/01/2021,11/04/2021,exception,STOF4订单; 重复订单：订单修改MABD,Order,1,11/09/2021,11/04/2021,,,,,,,,,,STOF4订单; 重复订单：订单修改MABD
11/16/2021,6900582930,WHDC,STOF4,,,,5,11/01/2021,11/04/2021,exception,STOF4订单; 重复订单：订单修改MABD,Order,1,11/08/2021,11/04/2021,,,,,,,,,,STOF4订单; 重复订单：订单修改MABD
11/16/2021,6900583082,WHDC,STOF4,Dairy,,,368,11/02/2021,11/04/2021,exception,,Item,12,11/09/2021,11/04/2021,021118713,12409460,雀巢高钙营养奶粉听装 @6x850gN1 CN,,,,4,401,514,价差订单
11/16/2021,6900583082,WHDC,STOF4,,,,368,11/02/2021,11/04/2021,exception,STOF4订单; 重复订单：订单修改MABD,Order,12,11/09/2021,11/04/2021,,,,,,,,,,STOF4订单; 重复订单：订单修改MABD
11/16/2021,6900583083,WHDC,STOF4,,,,17,11/02/2021,11/04/2021,exception,STOF4订单; 重复订单：订单修改MABD,Order,4,11/08/2021,11/04/2021,,,,,,,,,,STOF4订单; 重复订单：订单修改MABD
11/16/2021,6900583183,WHDC,JDFWK40,,,,2,11/03/2021,11/08/2021,exception,重复订单：订单修改MABD,Order,2,11/07/2021,11/08/2021,,,,,,,,,,重复订单：订单修改MABD
11/16/2021,6900583236,WHDC,STOF4,,,,25,11/03/2021,11/09/2021,exception,STOF4订单,Order,2,,11/09/2021,,,,,,,,,,STOF4订单
11/16/2021,6900583416,WHDC,STOF4,Dairy,,,53,11/04/2021,11/09/2021,exception,,Item,14,,11/09/2021,020622937,12413019,雀巢6+学生奶粉听装 @6x1000g CN,,,,11,725,680,价差订单
11/16/2021,6900583416,WHDC,STOF4,,,,53,11/04/2021,11/09/2021,exception,STOF4订单,Order,14,,11/09/2021,,,,,,,,,,STOF4订单
11/16/2021,6900583436,WHDC,MODWK43,,,,28,11/04/2021,11/09/2021,clean,,Order,2,,11/09/2021,,,,,,,,,,
11/16/2021,6900583520,WHDC,STOF4,Dairy,,,78,11/05/2021,11/11/2021,exception,,Item,6,,11/11/2021,020622937,12413019,雀巢6+学生奶粉听装 @6x1000g CN,,,,10,411,400,特殊产品需检查订单
11/16/2021,6900583520,WHDC,STOF4,,,,78,11/05/2021,11/11/2021,exception,STOF4订单,Order,6,,11/11/2021,,,,,,,,,,STOF4订单
11/16/2021,6900583521,WHDC,STOF4,Dairy,,,10,11/05/2021,11/11/2021,exception,,Item,1,,11/11/2021,020210802,12483915,雀巢怡养健心中老年奶粉袋装 @12(16x25g) CN,,,,10,,,特殊产品需检查订单
11/16/2021,6900583521,WHDC,STOF4,,,,10,11/05/2021,11/11/2021,exception,STOF4订单,Order,1,,11/11/2021,,,,,,,,,,STOF4订单
11/16/2021,6900583522,WHDC,STOF4,,,,3,11/05/2021,11/10/2021,exception,STOF4订单,Order,1,,11/10/2021,,,,,,,,,,STOF4订单
11/16/2021,6900583601,WHDC,MODWK44,,,,33,11/07/2021,11/15/2021,clean,,Order,3,,11/15/2021,,,,,,,,,,
11/16/2021,6900583663,WHDC,STOF4,,,,6,11/08/2021,11/15/2021,exception,STOF4订单,Order,1,,11/15/2021,,,,,,,,,,STOF4订单
11/16/2021,6900583675,WHDC,STOF4,Dairy,,,133,11/08/2021,11/15/2021,exception,,Item,5,,11/15/2021,020622937,12413019,雀巢6+学生奶粉听装 @6x1000g CN,,,,12,411,400,价差订单
11/16/2021,6900583675,WHDC,STOF4,,,,133,11/08/2021,11/15/2021,exception,STOF4订单,Order,5,,11/15/2021,,,,,,,,,,STOF4订单
11/16/2021,6900583736,WHDC,MODWK44,,,,2,11/08/2021,11/15/2021,clean,,Order,1,,11/15/2021,,,,,,,,,,
11/16/2021,6900583777,WHDC,STOF4,Dairy,,,23,11/09/2021,11/15/2021,exception,,Item,3,,11/15/2021,020200985,12483914,雀巢怡养中老年奶粉袋装 @12(16x25g) CN,,,,3,,,特殊产品需检查订单
11/16/2021,6900583777,WHDC,STOF4,,,,23,11/09/2021,11/15/2021,exception,STOF4订单,Order,3,,11/15/2021,,,,,,,,,,STOF4订单
11/16/2021,6900583779,WHDC,MODWK44,,,,216,11/09/2021,11/15/2021,clean,,Order,3,,11/15/2021,,,,,,,,,,
11/16/2021,6900583783,WHDC,HODEMWK41,,,,335,11/09/2021,11/11/2021,clean,,Order,1,,11/11/2021,,,,,,,,,,
11/16/2021,6900583798,WHDC,JDFWK41,Dairy,,,5,11/09/2021,11/15/2021,exception,,Item,3,,11/15/2021,020622937,12413019,雀巢6+学生奶粉听装 @6x1000g CN,,,,1,651,633,价差订单
11/16/2021,6900583798,WHDC,JDFWK41,,,,5,11/09/2021,11/15/2021,clean,,Order,3,,11/15/2021,,,,,,,,,,
11/16/2021,6900583818,WHDC,FWBWK41,,,,1,11/10/2021,11/15/2021,clean,,Order,1,,11/15/2021,,,,,,,,,,
11/16/2021,6900583845,WHDC,FWBWK41,,,,2,11/10/2021,11/15/2021,clean,,Order,1,,11/15/2021,,,,,,,,,,
11/16/2021,6900583935,WHDC,STOF4,Dairy,,,3,11/10/2021,11/15/2021,exception,,Item,1,,11/15/2021,021118190,12424359,雀巢怡养中老年奶粉袋装 @12(28x25g) CN,,,,3,651,633,价差订单
11/16/2021,6900583935,WHDC,STOF4,,,,3,11/10/2021,11/15/2021,exception,STOF4订单,Order,1,,11/15/2021,,,,,,,,,,STOF4订单
11/16/2021,7026577571,TJDC,POS REPLEN,,,,16,10/31/2021,11/04/2021,exception,问题订单; 跨月订单,Order,6,,11/04/2021,,,,,,,,,,问题订单; 跨月订单
11/16/2021,7026577573,TJDC,POS REPLEN,Dairy,,,35,10/31/2021,11/05/2021,exception,,Item,16,,11/05/2021,020046756,12409362,雀巢怡跃 高纤高钙高铁脱脂奶 400g 盒装 @12(16X25g),,,,1,725,680,价差订单
11/16/2021,7026577573,TJDC,POS REPLEN,,,,35,10/31/2021,11/05/2021,exception,问题订单; 跨月订单,Order,16,,11/05/2021,,,,,,,,,,问题订单; 跨月订单
11/16/2021,7026577833,TJDC,POS REPLEN,,,,17,11/04/2021,11/08/2021,exception,问题订单,Order,6,,11/08/2021,,,,,,,,,,问题订单
11/16/2021,7026577849,TJDC,POS REPLEN,Coffee,,,133,11/04/2021,11/09/2021,exception,,Item,39,,11/09/2021,020938338,12368832,雀巢金牌丝滑拿铁条装即溶咖啡饮品 @10(5x20g) CN,,,,2,401,514,价差订单
11/16/2021,7026577849,TJDC,POS REPLEN,,,,133,11/04/2021,11/09/2021,exception,问题订单,Order,39,,11/09/2021,,,,,,,,,,问题订单
11/16/2021,7026577909,TJDC,POS REPLEN,,,,125,11/07/2021,11/11/2021,exception,问题订单,Order,10,,11/11/2021,,,,,,,,,,问题订单
11/16/2021,7026577932,TJDC,POS REPLEN,Coffee,,,1212,11/07/2021,11/12/2021,exception,,Item,62,,11/12/2021,020938338,12368832,雀巢金牌丝滑拿铁条装即溶咖啡饮品 @10(5x20g) CN,,,,24,401,514,价差订单
11/16/2021,7026577932,TJDC,POS REPLEN,,,,1212,11/07/2021,11/12/2021,exception,问题订单,Order,62,,11/12/2021,,,,,,,,,,问题订单
11/16/2021,7026578098,TJDC,POS REPLEN,,,,133,11/09/2021,11/13/2021,exception,问题订单,Order,10,,11/13/2021,,,,,,,,,,问题订单
11/16/2021,7026578135,TJDC,POS REPLEN,Coffee,,,509,11/09/2021,11/14/2021,exception,,Item,58,,11/14/2021,020960776,12362971,雀巢金牌咖啡至醇浓郁 @12x100g CN,,,,3,651,633,价差订单
11/16/2021,7026578135,TJDC,POS REPLEN,,,,509,11/09/2021,11/14/2021,exception,问题订单,Order,58,,11/14/2021,,,,,,,,,,问题订单
11/16/2021,7026580521,WHDC,STOF4,,,,1,11/04/2021,11/11/2021,exception,STOF4订单,Order,1,,11/11/2021,,,,,,,,,,STOF4订单
11/16/2021,7150562910,GZDC,STO,,,,1,10/26/2021,11/04/2021,exception,跨月订单; 重复订单：订单修改MABD,Order,1,11/01/2021,11/04/2021,,,,,,,,,,跨月订单; 重复订单：订单修改MABD
11/16/2021,7150562941,GZDC,STO,,,,2,10/27/2021,11/04/2021,exception,跨月订单; 重复订单：订单修改MABD,Order,1,11/01/2021,11/04/2021,,,,,,,,,,跨月订单; 重复订单：订单修改MABD
11/16/2021,7150563029,GZDC,STOF4,,,,3,11/02/2021,11/08/2021,exception,STOF4订单,Order,1,,11/08/2021,,,,,,,,,,STOF4订单
11/16/2021,7150563087,GZDC,STO,,,,3,11/08/2021,11/15/2021,clean,,Order,1,,11/15/2021,,,,,,,,,,
11/16/2021,7550292873,CDDC,SYSOS,,,稳定,10,11/01/2021,11/04/2021,clean,,Order,1,,11/04/2021,,,,,,,,,,
11/16/2021,7550292876,CDDC,REGPRO2124,,,稳定,25,11/03/2021,11/08/2021,exception,重复订单：订单修改MABD,Order,2,11/07/2021,11/08/2021,,,,,,,,,,重复订单：订单修改MABD
11/16/2021,7600562001,TJDC,STOF4,,,,1,11/08/2021,11/14/2021,exception,STOF4订单,Order,1,,11/14/2021,,,,,,,,,,STOF4订单
11/16/2021,7750501270,JXDC,POS REPLEN,,,稳定,8,11/07/2021,11/11/2021,exception,问题订单,Order,1,,11/11/2021,,,,,,,,,,问题订单
11/16/2021,7800450267,KMDC,SYSOS,,,稳定,40,11/01/2021,11/08/2021,exception,客户指定送货日不在行程日,Order,2,,11/08/2021,,,,,,,,,,客户指定送货日不在行程日
11/16/2021,7800450280,KMDC,SYSOS,,,稳定,20,11/04/2021,11/10/2021,exception,客户指定送货日不在行程日; 客户指定送货日无法满足,Order,1,,11/10/2021,,,,,,,,,,客户指定送货日不在行程日; 客户指定送货日无法满足
11/16/2021,7800450282,KMDC,SYSOS,,,稳定,42,11/09/2021,11/15/2021,exception,客户指定送货日不在行程日; 客户指定送货日无法满足,Order,2,,11/15/2021,,,,,,,,,,客户指定送货日不在行程日; 客户指定送货日无法满足
11/16/2021,7800521700,KMDC,POS REPLEN,,,稳定,40,11/01/2021,11/05/2021,exception,问题订单; 客户指定送货日不在行程日; 客户指定送货日无法满足,Order,2,,11/05/2021,,,,,,,,,,问题订单; 客户指定送货日不在行程日; 客户指定送货日无法满足
11/16/2021,7800521713,KMDC,POS REPLEN,,,稳定,20,11/03/2021,11/07/2021,exception,问题订单; 客户指定送货日不在行程日; 客户指定送货日无法满足,Order,1,,11/07/2021,,,,,,,,,,问题订单; 客户指定送货日不在行程日; 客户指定送货日无法满足
11/16/2021,7800521734,KMDC,POS REPLEN,,,稳定,42,11/08/2021,11/12/2021,exception,问题订单; 客户指定送货日不在行程日; 客户指定送货日无法满足,Order,2,,11/12/2021,,,,,,,,,,问题订单; 客户指定送货日不在行程日; 客户指定送货日无法满足
11/16/2021,7800521745,KMDC,POS REPLEN,,,稳定,20,11/09/2021,11/13/2021,exception,问题订单; 客户指定送货日不在行程日; 客户指定送货日无法满足; 重复订单：订单修改产品数量,Order,2,,11/13/2021,,,,,42,,,,,问题订单; 客户指定送货日不在行程日; 客户指定送货日无法满足; 重复订单：订单修改产品数量
11/16/2021,8250575923,KMDC,POS REPLEN,,,,30,10/31/2021,11/06/2021,exception,问题订单; 客户指定送货日不在行程日,Order,7,,11/06/2021,,,,,,,,,,问题订单; 客户指定送货日不在行程日
11/16/2021,8250575934,KMDC,POS REPLEN,Coffee,,,114,10/31/2021,11/07/2021,exception,,Item,41,,11/07/2021,020335406,12477189,雀巢咖啡1+2原味双豆拼配条装即溶咖啡@12(30x15g) CN,,,,1,811,770,价差订单
11/16/2021,8250575934,KMDC,POS REPLEN,,,,114,10/31/2021,11/07/2021,exception,问题订单; 客户指定送货日不在行程日,Order,41,,11/07/2021,,,,,,,,,,问题订单; 客户指定送货日不在行程日
11/16/2021,8250576161,KMDC,POS REPLEN,,,,26,11/04/2021,11/10/2021,exception,问题订单; 客户指定送货日不在行程日; 客户指定送货日无法满足,Order,8,,11/10/2021,,,,,,,,,,问题订单; 客户指定送货日不在行程日; 客户指定送货日无法满足
11/16/2021,8250576180,KMDC,POS REPLEN,Coffee,,,169,11/04/2021,11/11/2021,exception,,Item,47,,11/11/2021,020099119,12413057,雀巢金牌卡布奇诺条装咖啡 @12(12x19g)CN,,,,3,411,400,价差订单
11/16/2021,8250576180,KMDC,POS REPLEN,,,,169,11/04/2021,11/11/2021,exception,问题订单; 客户指定送货日不在行程日; 客户指定送货日无法满足,Order,47,,11/11/2021,,,,,,,,,,问题订单; 客户指定送货日不在行程日; 客户指定送货日无法满足
11/16/2021,8250576231,KMDC,POS REPLEN,,,,118,11/07/2021,11/14/2021,exception,问题订单; 客户指定送货日不在行程日,Order,10,,11/14/2021,,,,,,,,,,问题订单; 客户指定送货日不在行程日
11/16/2021,8250576247,KMDC,POS REPLEN,Dairy,,,1500,11/07/2021,11/14/2021,exception,,Item,62,,11/14/2021,020210868,12492096,雀巢怡运全家营养奶粉袋装@12x300gCN,,,,43,411,400,特殊产品需检查订单
11/16/2021,8250576247,KMDC,POS REPLEN,,,,1500,11/07/2021,11/14/2021,exception,问题订单; 客户指定送货日不在行程日,Order,62,,11/14/2021,,,,,,,,,,问题订单; 客户指定送货日不在行程日
11/16/2021,8250576406,KMDC,POS REPLEN,,,,135,11/09/2021,11/16/2021,exception,问题订单; 客户指定送货日不在行程日; 客户指定送货日无法满足,Order,10,,11/16/2021,,,,,,,,,,问题订单; 客户指定送货日不在行程日; 客户指定送货日无法满足
11/16/2021,8250576463,KMDC,POS REPLEN,Coffee,,,696,11/09/2021,11/16/2021,exception,,Item,58,,11/16/2021,020217654,12478776,雀巢咖啡特调果萃系列香柚莫奇托风味即溶咖啡饮品@10(5x15g)CN,,,,6,811,770,价差订单
11/16/2021,8250576463,KMDC,POS REPLEN,,,,696,11/09/2021,11/16/2021,exception,问题订单; 客户指定送货日不在行程日; 客户指定送货日无法满足,Order,58,,11/16/2021,,,,,,,,,,问题订单; 客户指定送货日不在行程日; 客户指定送货日无法满足
11/16/2021,8550581435,TJDC,STOF4,Dairy,,,1,10/26/2021,11/01/2021,exception,,Item,1,10/30/2021,11/01/2021,021118713,12409460,雀巢高钙营养奶粉听装 @6x850gN1 CN,,,,1,401,514,价差订单
11/16/2021,8550581435,TJDC,STOF4,,,,1,10/26/2021,11/01/2021,exception,STOF4订单; 跨月订单; 重复订单：订单修改MABD,Order,1,10/30/2021,11/01/2021,,,,,,,,,,STOF4订单; 跨月订单; 重复订单：订单修改MABD
11/16/2021,8550581461,TJDC,STOF4,,,,10,10/27/2021,11/01/2021,exception,STOF4订单; 跨月订单; 重复订单：订单修改MABD,Order,1,10/30/2021,11/01/2021,,,,,,,,,,STOF4订单; 跨月订单; 重复订单：订单修改MABD
11/16/2021,8550581532,TJDC,2044REQ,Dairy,,,210,10/29/2021,11/06/2021,exception,,Item,1,11/01/2021,11/06/2021,020210868,12492096,雀巢怡运全家营养奶粉袋装@12x300gCN,,,,210,,,特殊产品需检查订单
11/16/2021,8550581532,TJDC,2044REQ,Dairy,,,210,10/29/2021,11/06/2021,exception,REQ订单; 客户指定送货日不在行程日; 跨月订单; 重复订单：订单修改MABD,Order,1,11/01/2021,11/06/2021,,,,,,,,,,REQ订单; 客户指定送货日不在行程日; 跨月订单; 重复订单：订单修改MABD
11/16/2021,8550581560,TJDC,1026REQ,Dairy,,,310,10/29/2021,11/10/2021,exception,,Item,1,11/01/2021,11/10/2021,020210868,12492096,雀巢怡运全家营养奶粉袋装@12x300gCN,,,,310,,,特殊产品需检查订单
11/16/2021,8550581560,TJDC,1026REQ,Dairy,,,310,10/29/2021,11/10/2021,exception,REQ订单; 跨月订单; 重复订单：订单修改MABD,Order,1,11/01/2021,11/10/2021,,,,,,,,,,REQ订单; 跨月订单; 重复订单：订单修改MABD
11/16/2021,8550581590,TJDC,MODWK43,,,,28,10/29/2021,11/10/2021,exception,跨月订单,Order,2,,11/10/2021,,,,,,,,,,跨月订单
11/16/2021,8550581703,TJDC,STOF4,,,,2,11/01/2021,11/10/2021,exception,STOF4订单,Order,1,,11/10/2021,,,,,,,,,,STOF4订单
11/16/2021,8550581704,TJDC,STOF4,,,,5,11/01/2021,11/08/2021,exception,STOF4订单; 重复订单：订单修改MABD,Order,1,11/09/2021,11/08/2021,,,,,,,,,,STOF4订单; 重复订单：订单修改MABD
11/16/2021,8550581800,TJDC,FWBWK40,,,,2,11/01/2021,11/08/2021,exception,重复订单：订单修改MABD,Order,2,11/09/2021,11/08/2021,,,,,,,,,,重复订单：订单修改MABD
11/16/2021,8550581873,TJDC,STOF4,,,,20,11/02/2021,11/08/2021,exception,STOF4订单; 重复订单：订单修改MABD,Order,1,11/09/2021,11/08/2021,,,,,,,,,,STOF4订单; 重复订单：订单修改MABD
11/16/2021,8550581968,TJDC,JDFWK40,Dairy,,,12,11/03/2021,11/08/2021,exception,,Item,3,11/07/2021,11/08/2021,020622937,12413019,雀巢6+学生奶粉听装 @6x1000g CN,,,,1,651,633,价差订单
11/16/2021,8550581968,TJDC,JDFWK40,,,,12,11/03/2021,11/08/2021,exception,重复订单：订单修改MABD,Order,3,11/07/2021,11/08/2021,,,,,,,,,,重复订单：订单修改MABD
11/16/2021,8550582232,TJDC,STOF4,Dairy,,,6,11/04/2021,11/10/2021,exception,,Item,1,,11/10/2021,020609480,12481583,"雀巢怡运全脂营养奶粉@8x1KG CN  ",,,,6,411,400,价差订单
11/16/2021,8550582232,TJDC,STOF4,,,,6,11/04/2021,11/10/2021,exception,STOF4订单,Order,1,,11/10/2021,,,,,,,,,,STOF4订单
11/16/2021,8550582246,TJDC,MODWK43,,,,2,11/04/2021,11/10/2021,clean,,Order,2,,11/10/2021,,,,,,,,,,
11/16/2021,8550582330,TJDC,2044REQ,Confectionery,,,20,11/05/2021,11/08/2021,exception,,Item,3,,11/08/2021,021189960,12457589,雀巢脆脆鲨巧克力味威化 @24(32X20g) N1 CN,,,,10,653,533,价差订单
11/16/2021,8550582330,TJDC,2044REQ,Confectionery,,,20,11/05/2021,11/08/2021,exception,REQ订单,Order,3,,11/08/2021,,,,,,,,,,REQ订单
11/16/2021,8550582383,TJDC,MODWK44,,,,70,11/07/2021,11/16/2021,clean,,Order,3,,11/16/2021,,,,,,,,,,
11/16/2021,8550582486,TJDC,STOF4,,,,4,11/08/2021,11/16/2021,exception,STOF4订单,Order,2,,11/16/2021,,,,,,,,,,STOF4订单
11/16/2021,8550582551,TJDC,MODWK44,,,,1,11/08/2021,11/16/2021,clean,,Order,1,,11/16/2021,,,,,,,,,,
11/16/2021,8550582585,TJDC,STOF4,,,,2,11/09/2021,11/16/2021,exception,STOF4订单,Order,1,,11/16/2021,,,,,,,,,,STOF4订单
11/16/2021,8550582594,TJDC,MODWK44,,,,35,11/09/2021,11/16/2021,clean,,Order,3,,11/16/2021,,,,,,,,,,
11/16/2021,8550582596,TJDC,HODEMWK41,,,,76,11/09/2021,11/12/2021,clean,,Order,1,,11/12/2021,,,,,,,,,,
11/16/2021,8550582608,TJDC,JDFWK41,Dairy,,,3,11/09/2021,11/16/2021,exception,,Item,2,,11/16/2021,020046735,12413033,雀巢爱思培学生奶盒装400g,,,,2,725,680,价差订单
11/16/2021,8550582608,TJDC,JDFWK41,,,,3,11/09/2021,11/16/2021,clean,,Order,2,,11/16/2021,,,,,,,,,,
11/16/2021,8550582648,TJDC,FWBWK41,,,,1,11/10/2021,11/16/2021,clean,,Order,1,,11/16/2021,,,,,,,,,,
11/16/2021,8600579794,SZDC,STOF4,,,,20,10/26/2021,10/30/2021,exception,STOF4订单; 重复订单：订单修改MABD,Order,1,11/01/2021,10/30/2021,,,,,,,,,,STOF4订单; 重复订单：订单修改MABD
11/16/2021,8600579985,SZDC,MODWK40,,,,1,10/28/2021,10/30/2021,exception,重复订单：订单修改MABD,Order,1,11/01/2021,10/30/2021,,,,,,,,,,重复订单：订单修改MABD
11/16/2021,9000581270,SZDC,POS REPLEN,,,,131,10/31/2021,11/03/2021,exception,问题订单; 跨月订单,Order,9,,11/03/2021,,,,,,,,,,问题订单; 跨月订单
11/16/2021,9000581274,SZDC,POS REPLEN,Dairy,,,93,10/31/2021,11/04/2021,exception,,Item,29,,11/04/2021,020046756,12409362,雀巢怡跃 高纤高钙高铁脱脂奶 400g 盒装 @12(16X25g),,,,5,411,400,价差订单
11/16/2021,9000581274,SZDC,POS REPLEN,,,,93,10/31/2021,11/04/2021,exception,问题订单; 跨月订单,Order,29,,11/04/2021,,,,,,,,,,问题订单; 跨月订单
11/16/2021,9000581527,SZDC,POS REPLEN,,,,44,11/04/2021,11/07/2021,exception,问题订单,Order,8,,11/07/2021,,,,,,,,,,问题订单
11/16/2021,9000581564,SZDC,POS REPLEN,Coffee,,,308,11/04/2021,11/08/2021,exception,,Item,46,,11/08/2021,020217654,12478776,雀巢咖啡特调果萃系列香柚莫奇托风味即溶咖啡饮品@10(5x15g)CN,,,,1,401,514,价差订单
11/16/2021,9000581564,SZDC,POS REPLEN,,,,308,11/04/2021,11/08/2021,exception,问题订单,Order,46,,11/08/2021,,,,,,,,,,问题订单
11/16/2021,9000581613,SZDC,POS REPLEN,,,,206,11/07/2021,11/10/2021,exception,问题订单,Order,10,,11/10/2021,,,,,,,,,,问题订单
11/16/2021,9000581630,SZDC,POS REPLEN,Coffee,,,2623,11/07/2021,11/11/2021,exception,,Item,57,,11/11/2021,020960776,12362971,雀巢金牌咖啡至醇浓郁 @12x100g CN,,,,3,411,400,价差订单
11/16/2021,9000581630,SZDC,POS REPLEN,,,,2623,11/07/2021,11/11/2021,exception,问题订单,Order,57,,11/11/2021,,,,,,,,,,问题订单
11/16/2021,9000581803,SZDC,POS REPLEN,,,,231,11/09/2021,11/12/2021,exception,问题订单,Order,10,,11/12/2021,,,,,,,,,,问题订单
11/16/2021,9000581844,SZDC,POS REPLEN,Coffee,,,1150,11/09/2021,11/13/2021,exception,,Item,53,,11/13/2021,020848415,12462280,雀巢金牌手冲大师南意·夏浓研磨咖啡 @12(7x9g) CN,,,,5,401,514,价差订单
11/16/2021,9000581844,SZDC,POS REPLEN,,,,1150,11/09/2021,11/13/2021,exception,问题订单,Order,53,,11/13/2021,,,,,,,,,,问题订单
11/16/2021,9100432440,KMDC,SYSOS,Coffee,,稳定,148,10/29/2021,11/03/2021,exception,,Item,4,,11/03/2021,020627101,12476895,雀巢咖啡1+2奶香双豆拼配条装即溶咖啡 @12(30x15g) CN,,,,48,293,262,价差订单
11/16/2021,9100432440,KMDC,SYSOS,,,稳定,148,10/29/2021,11/03/2021,exception,客户指定送货日不在行程日; 客户指定送货日无法满足,Order,4,,11/03/2021,,,,,,,,,,客户指定送货日不在行程日; 客户指定送货日无法满足
11/16/2021,9100432467,KMDC,FWBWK40,,,稳定,74,10/29/2021,11/12/2021,exception,客户指定送货日不在行程日; 客户指定送货日无法满足,Order,2,,11/12/2021,,,,,,,,,,客户指定送货日不在行程日; 客户指定送货日无法满足
11/16/2021,9100432617,KMDC,SYSOS,,,稳定,156,11/09/2021,11/15/2021,exception,客户指定送货日不在行程日; 客户指定送货日无法满足,Order,4,,11/15/2021,,,,,,,,,,客户指定送货日不在行程日; 客户指定送货日无法满足
11/16/2021,9100502486,SZDC,POS REPLEN,,,稳定,80,10/31/2021,11/04/2021,exception,问题订单; 跨月订单,Order,3,,11/04/2021,,,,,,,,,,问题订单; 跨月订单
11/16/2021,9100502515,SZDC,POS REPLEN,,,稳定,70,11/04/2021,11/08/2021,exception,问题订单,Order,2,,11/08/2021,,,,,,,,,,问题订单
11/16/2021,9100502522,SZDC,POS REPLEN,,,稳定,120,11/07/2021,11/11/2021,exception,问题订单,Order,4,,11/11/2021,,,,,,,,,,问题订单
11/16/2021,9100577049,GZDC,POS REPLEN,,,,96,10/31/2021,11/03/2021,exception,问题订单; 跨月订单,Order,9,,11/03/2021,,,,,,,,,,问题订单; 跨月订单
11/16/2021,9100577071,GZDC,POS REPLEN,Dairy,,,72,10/31/2021,11/04/2021,exception,,Item,29,,11/04/2021,020362273,12338778,雀巢NIDO脱脂高钙奶粉袋装 @24x400g XE,,,,6,831,764,价差订单
11/16/2021,9100577071,GZDC,POS REPLEN,,,,72,10/31/2021,11/04/2021,exception,问题订单; 跨月订单,Order,29,,11/04/2021,,,,,,,,,,问题订单; 跨月订单
11/16/2021,9100577346,GZDC,POS REPLEN,,,,29,11/04/2021,11/07/2021,exception,问题订单,Order,8,,11/07/2021,,,,,,,,,,问题订单
11/16/2021,9100577358,GZDC,POS REPLEN,Coffee,,,227,11/04/2021,11/08/2021,exception,,Item,41,,11/08/2021,020848416,12462258,雀巢金牌手冲大师富士·雅酌研磨咖啡 @12(7x9g) CN,,,,1,831,764,价差订单
11/16/2021,9100577358,GZDC,POS REPLEN,,,,227,11/04/2021,11/08/2021,exception,问题订单,Order,41,,11/08/2021,,,,,,,,,,问题订单
11/16/2021,9100577437,GZDC,POS REPLEN,,,,133,11/07/2021,11/10/2021,exception,问题订单,Order,10,,11/10/2021,,,,,,,,,,问题订单
11/16/2021,9100577461,GZDC,POS REPLEN,Coffee,,,2083,11/07/2021,11/11/2021,exception,,Item,61,,11/11/2021,021208187,12077778,雀巢咖啡醇品袋装@48(20x1.8g)CN,,,,45,411,400,价差订单
11/16/2021,9100577461,GZDC,POS REPLEN,,,,2083,11/07/2021,11/11/2021,exception,问题订单,Order,61,,11/11/2021,,,,,,,,,,问题订单
11/16/2021,9100577646,GZDC,POS REPLEN,,,,118,11/09/2021,11/12/2021,exception,问题订单,Order,9,,11/12/2021,,,,,,,,,,问题订单
11/16/2021,9100577689,GZDC,POS REPLEN,CPW,,,983,11/09/2021,11/13/2021,exception,,Item,55,,11/13/2021,020756674,12245095,雀巢玉米片@18x150g N1 CN,,,,4,411,400,价差订单
11/16/2021,9100577689,GZDC,POS REPLEN,,,,983,11/09/2021,11/13/2021,exception,问题订单,Order,55,,11/13/2021,,,,,,,,,,问题订单
11/16/2021,9300497723,SYDC,POS REPLEN,,,,42,10/31/2021,11/03/2021,exception,问题订单; 跨月订单,Order,10,,11/03/2021,,,,,,,,,,问题订单; 跨月订单
11/16/2021,9300497725,SYDC,POS REPLEN,Coffee,,,19,10/31/2021,11/04/2021,exception,,Item,10,,11/04/2021,020232693,12495109,雀巢金牌香草风味玛奇朵条装即溶咖啡饮品 @10(5x19g) CN,,,,2,831,764,价差订单
11/16/2021,9300497725,SYDC,POS REPLEN,,,,19,10/31/2021,11/04/2021,exception,问题订单; 跨月订单,Order,10,,11/04/2021,,,,,,,,,,问题订单; 跨月订单
11/16/2021,9300497785,SYDC,POS REPLEN,,,,3,11/04/2021,11/07/2021,exception,问题订单,Order,3,,11/07/2021,,,,,,,,,,问题订单
11/16/2021,9300497789,SYDC,POS REPLEN,Coffee,,,116,11/04/2021,11/08/2021,exception,,Item,34,,11/08/2021,020232784,12495107,雀巢金牌厚乳风味拿铁条装即溶咖啡饮品 @10(5x19g) CN,,,,2,651,633,特殊产品需检查订单
11/16/2021,9300497789,SYDC,POS REPLEN,,,,116,11/04/2021,11/08/2021,exception,问题订单,Order,34,,11/08/2021,,,,,,,,,,问题订单
11/16/2021,9300497804,SYDC,POS REPLEN,Confectionery,,,91,11/07/2021,11/10/2021,exception,,Item,12,,11/10/2021,020496797,12456952,雀巢脆脆鲨白桃味威化代可可脂巧克力 @24x123g CN,,,,2,653,533,价差订单
11/16/2021,9300497804,SYDC,POS REPLEN,,,,91,11/07/2021,11/10/2021,exception,问题订单,Order,12,,11/10/2021,,,,,,,,,,问题订单
11/16/2021,9300497816,SYDC,POS REPLEN,Coffee,,,872,11/07/2021,11/11/2021,exception,,Item,63,,11/11/2021,020232653,12495121,雀巢金牌绵醇卡布奇诺条装即溶咖啡饮品 @10(5x19g) CN,,,,5,725,680,价差订单
11/16/2021,9300497816,SYDC,POS REPLEN,,,,872,11/07/2021,11/11/2021,exception,问题订单,Order,63,,11/11/2021,,,,,,,,,,问题订单
11/16/2021,9300497857,SYDC,POS REPLEN,,,,123,11/09/2021,11/12/2021,exception,问题订单,Order,12,,11/12/2021,,,,,,,,,,问题订单
11/16/2021,9300497869,SYDC,POS REPLEN,Coffee,,,405,11/09/2021,11/13/2021,exception,,Item,51,,11/13/2021,020232693,12495109,雀巢金牌香草风味玛奇朵条装即溶咖啡饮品 @10(5x19g) CN,,,,7,811,770,价差订单
11/16/2021,9300497869,SYDC,POS REPLEN,,,,405,11/09/2021,11/13/2021,exception,问题订单,Order,51,,11/13/2021,,,,,,,,,,问题订单
11/16/2021,9300512019,JXDC,SYSOS,Dairy,,,332,10/29/2021,11/01/2021,exception,,Item,57,,11/01/2021,021194055,9122238,雀巢鹰唛炼奶巧克力味支装@4(6x185g)CN,,,,5,811,770,价差订单
11/16/2021,9300512019,JXDC,SYSOS,,,,332,10/29/2021,11/01/2021,exception,跨月订单,Order,57,,11/01/2021,,,,,,,,,,跨月订单
11/16/2021,9300512020,JXDC,SYSOS,Confectionery,,,29,10/29/2021,11/01/2021,exception,,Item,8,,11/01/2021,020442125,12498720,雀巢脆脆鲨巧克力口味威化代可可脂巧克力分享桶 @12×330g CN,,,,8,653,533,价差订单
11/16/2021,9300512020,JXDC,SYSOS,,,,29,10/29/2021,11/01/2021,exception,跨月订单,Order,8,,11/01/2021,,,,,,,,,,跨月订单
11/16/2021,9300512021,JXDC,SYSOS,Coffee,,,211,10/29/2021,11/01/2021,exception,,Item,42,,11/01/2021,020850980,12326607,雀巢金牌丝滑拿铁条装咖啡 @ 16(20x20g)CN,,,,5,811,770,价差订单
11/16/2021,9300512021,JXDC,SYSOS,,,,211,10/29/2021,11/01/2021,exception,跨月订单,Order,42,,11/01/2021,,,,,,,,,,跨月订单
11/16/2021,9300512022,JXDC,SYSOS,,,,6,10/29/2021,11/04/2021,exception,跨月订单,Order,1,,11/04/2021,,,,,,,,,,跨月订单
11/16/2021,9300512023,JXDC,SYSOS,Confectionery,,,81,10/29/2021,11/04/2021,exception,,Item,10,,11/04/2021,020746320,12458748,雀巢脆脆鲨鲨刻能花生味威化代可可脂巧克力分享装 @20(10x20g) CN,,,,4,653,533,价差订单
11/16/2021,9300512023,JXDC,SYSOS,,,,81,10/29/2021,11/04/2021,exception,跨月订单,Order,10,,11/04/2021,,,,,,,,,,跨月订单
11/16/2021,9300512025,JXDC,SYSOS,Dairy,,,61,11/01/2021,11/04/2021,exception,,Item,23,,11/04/2021,021118190,12424359,雀巢怡养中老年奶粉袋装 @12(28x25g) CN,,,,3,651,633,价差订单
11/16/2021,9300512025,JXDC,SYSOS,,,,61,11/01/2021,11/04/2021,clean,,Order,23,,11/04/2021,,,,,,,,,,
11/16/2021,9300512026,JXDC,SYSOS,,,,48,11/01/2021,11/04/2021,clean,,Order,9,,11/04/2021,,,,,,,,,,
11/16/2021,9300512028,JXDC,SYSOS,Dairy,,,151,11/04/2021,11/08/2021,exception,,Item,40,,11/08/2021,021118190,12424359,雀巢怡养中老年奶粉袋装 @12(28x25g) CN,,,,7,651,633,价差订单
11/16/2021,9300512028,JXDC,SYSOS,,,,151,11/04/2021,11/08/2021,clean,,Order,40,,11/08/2021,,,,,,,,,,
11/16/2021,9300512029,JXDC,SYSOS,,,,13,11/04/2021,11/08/2021,clean,,Order,6,,11/08/2021,,,,,,,,,,
11/16/2021,9300512032,JXDC,SYSOS,Coffee,,,634,11/09/2021,11/11/2021,exception,,Item,59,,11/11/2021,020662625,12470632,星巴克焦糖风味拿铁精品即溶咖啡饮品@10(4x21.5g)N1 XJ,,,,3,725,680,价差订单
11/16/2021,9300512032,JXDC,SYSOS,,,,634,11/09/2021,11/11/2021,clean,,Order,59,,11/11/2021,,,,,,,,,,
11/16/2021,9300512033,JXDC,SYSOS,,,,74,11/09/2021,11/11/2021,clean,,Order,11,,11/11/2021,,,,,,,,,,
11/16/2021,9350575945,WHDC,POS REPLEN,,,,79,10/31/2021,11/03/2021,exception,问题订单; 跨月订单,Order,10,,11/03/2021,,,,,,,,,,问题订单; 跨月订单
11/16/2021,9350575952,WHDC,POS REPLEN,Dairy,,,102,10/31/2021,11/04/2021,exception,,Item,27,,11/04/2021,021118713,12409460,雀巢高钙营养奶粉听装 @6x850gN1 CN,,,,1,401,514,价差订单
11/16/2021,9350575952,WHDC,POS REPLEN,,,,102,10/31/2021,11/04/2021,exception,问题订单; 跨月订单,Order,27,,11/04/2021,,,,,,,,,,问题订单; 跨月订单
11/16/2021,9350576217,WHDC,POS REPLEN,,,,8,11/04/2021,11/07/2021,exception,问题订单,Order,4,,11/07/2021,,,,,,,,,,问题订单
11/16/2021,9350576235,WHDC,POS REPLEN,Dairy,,,364,11/04/2021,11/08/2021,exception,,Item,42,,11/08/2021,020218452,12322429,鹰唛炼奶低脂支装 @4(6x185g) CN,,,,1,401,514,价差订单
11/16/2021,9350576235,WHDC,POS REPLEN,,,,364,11/04/2021,11/08/2021,exception,问题订单,Order,42,,11/08/2021,,,,,,,,,,问题订单
11/16/2021,9350576298,WHDC,POS REPLEN,Confectionery,,,132,11/07/2021,11/10/2021,exception,,Item,12,,11/10/2021,020496797,12456952,雀巢脆脆鲨白桃味威化代可可脂巧克力 @24x123g CN,,,,2,653,533,价差订单
11/16/2021,9350576298,WHDC,POS REPLEN,,,,132,11/07/2021,11/10/2021,exception,问题订单,Order,12,,11/10/2021,,,,,,,,,,问题订单
11/16/2021,9350576320,WHDC,POS REPLEN,Dairy,,,2908,11/07/2021,11/11/2021,exception,,Item,60,,11/11/2021,021194064,9123040,雀巢鹰唛炼奶草莓味支装@4(6x185g)CN,,,,31,725,680,价差订单
11/16/2021,9350576320,WHDC,POS REPLEN,,,,2908,11/07/2021,11/11/2021,exception,问题订单,Order,60,,11/11/2021,,,,,,,,,,问题订单
11/16/2021,9350576493,WHDC,POS REPLEN,,,,109,11/09/2021,11/12/2021,exception,问题订单,Order,12,,11/12/2021,,,,,,,,,,问题订单
11/16/2021,9350576529,WHDC,POS REPLEN,Dairy,,,1306,11/09/2021,11/13/2021,exception,,Item,52,,11/13/2021,020218452,12322429,鹰唛炼奶低脂支装 @4(6x185g) CN,,,,10,725,680,价差订单
11/16/2021,9350576529,WHDC,POS REPLEN,,,,1306,11/09/2021,11/13/2021,exception,问题订单,Order,52,,11/13/2021,,,,,,,,,,问题订单